,sigma_crit,coilable,lin_buckle_odb,stabilization_used,contact_active,riks_odb,max_compressive_strain,max_local_strain,riks_converged,converged,stabilization_energy_ratio,ring_passthrough,_delegation_id,_source,_ts,_wall_ms,max_ligament_strain,arc_depth,Rt_over_t,coil_mode_index,lambda_first,arch_mid_disp_range,arch_snap_reversal,arch_mid_disp_range_top,arch_snap_reversal_top,arch_mid_disp_range_seg0,arch_snap_reversal_seg0,arch_mid_disp_range_seg1,arch_snap_reversal_seg1,arch_mid_disp_range_seg2,arch_snap_reversal_seg2,arch_mid_disp_range_seg3,arch_snap_reversal_seg3,max_ligament_strain_level0,max_ligament_strain_level1,max_ligament_strain_level2
0,4.046822127668083,1,/oscar/scratch/eaguerov/supercompressible_oracle/lin_ca7b075fb34e4288b8fdb3f87915bb14/SUPERCOMPRESSIBLE_LIN_BUCKLE,False,False,/oscar/scratch/eaguerov/supercompressible_oracle/riks_436ff7de40984a91bffb6212fb53dc5d/SUPERCOMPRESSIBLE_RIKS.odb,1.0063643735997818,0.0599119290709495,True,True,0.0,0.0,D000,supercompressible-material,2026-08-04T01:06:04+00:00,70499.483,,,,,,,,,,,,,,,,,,,,
1,0.807276312680251,1,/oscar/scratch/eaguerov/supercompressible_oracle/lin_09311653144c48ff9f2d97ec346993b4/SUPERCOMPRESSIBLE_LIN_BUCKLE,False,False,/oscar/scratch/eaguerov/supercompressible_oracle/riks_8b93999e479b44babe9b447f13cd9dfb/SUPERCOMPRESSIBLE_RIKS.odb,0.422648486447673,0.0137878647074103,False,False,0.0,0.0,D000,supercompressible-material,2026-08-04T01:08:57+00:00,239986.841,0.0389606095850467,,,,,,,,,,,,,,,,,,,
2,,0,,,,,,,,,,,D000,supercompressible-material,2026-08-04T01:12:10+00:00,142069.682,,,,,,,,,,,,,,,,,,,,
3,3.245657364802561,0,/oscar/scratch/eaguerov/supercompressible_oracle/lin_4dec7f6773ee45de9cdb8fb3cd02960a/SUPERCOMPRESSIBLE_LIN_BUCKLE,,,,,,,,,,D000,supercompressible-material,2026-08-04T01:12:11+00:00,141805.785,,,,,,,,,,,,,,,,,,,,
4,21.218537013011485,0,/oscar/scratch/eaguerov/supercompressible_oracle/lin_f8f8a43930b54864b2641852b05c11b3/SUPERCOMPRESSIBLE_LIN_BUCKLE,,,,,,,,,,D000,supercompressible-material,2026-08-04T01:12:11+00:00,141822.288,,,,,,,,,,,,,,,,,,,,
5,3.245657364802561,0,/oscar/scratch/eaguerov/supercompressible_oracle/lin_657350319d594ff2beaeb005ed8031da/SUPERCOMPRESSIBLE_LIN_BUCKLE,,,,,,,,,,D000,supercompressible-material,2026-08-04T01:12:11+00:00,141473.844,,,,,,,,,,,,,,,,,,,,
6,3.707461347678005,0,/oscar/scratch/eaguerov/supercompressible_oracle/lin_83a5185b05c143d18f77f319f1e7a152/SUPERCOMPRESSIBLE_LIN_BUCKLE,,,,,,,,,,D000,supercompressible-material,2026-08-04T01:13:36+00:00,226555.271,,,,,,,,,,,,,,,,,,,,
7,,0,,,,,,,,,,,D000,supercompressible-material,2026-08-04T01:14:26+00:00,277906.883,,,,,,,,,,,,,,,,,,,,
8,,0,,,,,,,,,,,D000,supercompressible-material,2026-08-04T01:14:26+00:00,277841.642,,,,,,,,,,,,,,,,,,,,
9,21.218537013011485,0,/oscar/scratch/eaguerov/supercompressible_oracle/lin_985d938ed2a24589863fb1a9761bac13/SUPERCOMPRESSIBLE_LIN_BUCKLE,,,,,,,,,,D000,supercompressible-material,2026-08-04T01:14:37+00:00,287232.771,,,,,,,,,,,,,,,,,,,,
10,4.543343108796639,0,/oscar/scratch/eaguerov/supercompressible_oracle/lin_d8506b15587b4a0d830fde9cf659c475/SUPERCOMPRESSIBLE_LIN_BUCKLE,,,,,,,,,,D000,supercompressible-material,2026-08-04T01:14:37+00:00,125035.403,,,,,,,,,,,,,,,,,,,,
11,2.3316411369553456,1,/oscar/scratch/eaguerov/supercompressible_oracle/lin_e4b72a31f5fe43eca809ed785836affd/SUPERCOMPRESSIBLE_LIN_BUCKLE,False,False,/oscar/scratch/eaguerov/supercompressible_oracle/riks_88d780e5a96b4d99904ae4c837bad747/SUPERCOMPRESSIBLE_RIKS.odb,1.0858734092201574,0.0343466214835643,True,True,0.0,0.0,D000,supercompressible-material,2026-08-04T01:15:12+00:00,323179.321,0.0956802293658256,,,,,,,,,,,,,,,,,,,
12,,0,,,,,,,,,,,D000,supercompressible-material,2026-08-04T01:15:27+00:00,336081.296,,,,,,,,,,,,,,,,,,,,
13,,0,,,,,,,,,,,D000,supercompressible-material,2026-08-04T01:16:29+00:00,397628.733,,,,,,,,,,,,,,,,,,,,
14,,0,,,,,,,,,,,D000,supercompressible-material,2026-08-04T01:16:29+00:00,397628.723,,,,,,,,,,,,,,,,,,,,
15,0.5043301836695979,1,/oscar/scratch/eaguerov/supercompressible_oracle/lin_f147b0e4618b4d378fe0e27cf783a829/SUPERCOMPRESSIBLE_LIN_BUCKLE,False,False,,,,False,False,,,D000,supercompressible-material,2026-08-04T01:16:42+00:00,405657.869,,,,,,,,,,,,,,,,,,,,
16,0.6256274709647011,1,/oscar/scratch/eaguerov/supercompressible_oracle/lin_3b6df8ecd99940c38fef8ffd7ddc8e72/SUPERCOMPRESSIBLE_LIN_BUCKLE,False,False,/oscar/scratch/eaguerov/supercompressible_oracle/riks_8d974de10e5e4fefbab73279137ca492/SUPERCOMPRESSIBLE_RIKS.odb,0.100981706524762,0.0137327471747994,False,False,0.0,0.0,D000,supercompressible-material,2026-08-04T01:16:42+00:00,413611.844,,,,,,,,,,,,,,,,,,,,
17,0.7117409055069559,1,/oscar/scratch/eaguerov/supercompressible_oracle/lin_98967f4b561d452d93e9c7c743c4b1bd/SUPERCOMPRESSIBLE_LIN_BUCKLE,False,False,/oscar/scratch/eaguerov/supercompressible_oracle/riks_f6c00c6893b940e9a7ea326deb404983/SUPERCOMPRESSIBLE_RIKS.odb,1.0650787965651167,0.0449686609208583,False,False,0.0,0.0,D000,supercompressible-material,2026-08-04T01:16:42+00:00,413037.624,,,,,,,,,,,,,,,,,,,,
18,3.746210271156112,1,/oscar/scratch/eaguerov/supercompressible_oracle/lin_712b5a0989cd4fb2a6016bb935cec2ec/SUPERCOMPRESSIBLE_LIN_BUCKLE,False,False,/oscar/scratch/eaguerov/supercompressible_oracle/riks_ef4750199e3d496cb2def8afd2ef09d1/SUPERCOMPRESSIBLE_RIKS.odb,1.0126327805746598,0.039956197142601,True,True,0.0,0.0,D000,supercompressible-material,2026-08-04T01:16:49+00:00,419043.946,0.105181485414505,,,,,,,,,,,,,,,,,,,
19,,0,,,,,,,,,,,D000,supercompressible-material,2026-08-04T01:16:50+00:00,420813.443,,,,,,,,,,,,,,,,,,,,
20,14.791223791188385,1,/oscar/scratch/eaguerov/supercompressible_oracle/lin_1f8fbc8fd2e84c8982ed6a172993ddc9/SUPERCOMPRESSIBLE_LIN_BUCKLE,False,False,,,,False,False,,,D000,supercompressible-material,2026-08-04T01:17:16+00:00,447004.776,,,,,,,,,,,,,,,,,,,,
21,,0,,,,,,,,,,,D000,supercompressible-material,2026-08-04T01:17:16+00:00,444775.56,,,,,,,,,,,,,,,,,,,,
22,18.3533236241758,1,/oscar/scratch/eaguerov/supercompressible_oracle/lin_51090618da6e41b0a6c54a7d319d1d55/SUPERCOMPRESSIBLE_LIN_BUCKLE,False,False,,,,False,False,,,D000,supercompressible-material,2026-08-04T01:17:16+00:00,446699.001,,,,,,,,,,,,,,,,,,,,
23,6.382749837757371,0,/oscar/scratch/eaguerov/supercompressible_oracle/lin_663ea8cfb94449e9a28d246e49ab5442/SUPERCOMPRESSIBLE_LIN_BUCKLE,,,,,,,,,,D000,supercompressible-material,2026-08-04T01:17:29+00:00,460399.82,,,,,,,,,,,,,,,,,,,,
24,,0,,,,,,,,,,,D000,supercompressible-material,2026-08-04T01:17:42+00:00,310989.289,,,,,,,,,,,,,,,,,,,,
25,2.8246819299949584,1,/oscar/scratch/eaguerov/supercompressible_oracle/lin_f782edded39549988b1d7e0176b22014/SUPERCOMPRESSIBLE_LIN_BUCKLE,False,False,/oscar/scratch/eaguerov/supercompressible_oracle/riks_44f7e1e5aed54497a028a4197cefb4f4/SUPERCOMPRESSIBLE_RIKS.odb,0.8084633199216658,0.0749876648187637,False,False,0.0,0.0,D000,supercompressible-material,2026-08-04T01:17:42+00:00,471542.692,,,,,,,,,,,,,,,,,,,,
26,0.1463206884809648,1,/oscar/scratch/eaguerov/supercompressible_oracle/lin_9637631640fc4f52bfa57c47f9c6c3a5/SUPERCOMPRESSIBLE_LIN_BUCKLE,False,False,/oscar/scratch/eaguerov/supercompressible_oracle/riks_8a9d6ea74ec24df5b0aa539935659b1b/SUPERCOMPRESSIBLE_RIKS.odb,0.1470574697443976,0.0109796952456235,False,False,0.0,0.0,D000,supercompressible-material,2026-08-04T01:17:42+00:00,471555.935,,,,,,,,,,,,,,,,,,,,
27,3.707461347678005,0,/oscar/scratch/eaguerov/supercompressible_oracle/lin_5a54873c5ad64e268a75b010905ee485/SUPERCOMPRESSIBLE_LIN_BUCKLE,,,,,,,,,,D000,supercompressible-material,2026-08-04T01:18:02+00:00,492957.971,,,,,,,,,,,,,,,,,,,,
28,1.5291182519087725,1,/oscar/scratch/eaguerov/supercompressible_oracle/lin_8ee9cd5f581d48498effcfec64493740/SUPERCOMPRESSIBLE_LIN_BUCKLE,False,False,/oscar/scratch/eaguerov/supercompressible_oracle/riks_244cf86f14f44858a9a773e83d83dd21/SUPERCOMPRESSIBLE_RIKS.odb,1.1057133043485683,0.0326353162527084,True,True,0.0,0.0,D000,supercompressible-material,2026-08-04T01:18:02+00:00,491981.288,0.0892634913325309,,,,,,,,,,,,,,,,,,,
29,0.0334025906297638,1,/oscar/scratch/eaguerov/supercompressible_oracle/lin_3f40ffef5c7b493bb922074ee8941217/SUPERCOMPRESSIBLE_LIN_BUCKLE,False,False,/oscar/scratch/eaguerov/supercompressible_oracle/riks_e43cb1735c3e4d1390feebcfc6fccebd/SUPERCOMPRESSIBLE_RIKS.odb,0.2297658085030365,0.0097746746614575,False,False,0.0,0.0,D000,supercompressible-material,2026-08-04T01:18:02+00:00,492474.82,,,,,,,,,,,,,,,,,,,,
30,3.746210271156112,1,/oscar/scratch/eaguerov/supercompressible_oracle/lin_ac815c69d93a42408c409d7978faec5b/SUPERCOMPRESSIBLE_LIN_BUCKLE,False,False,/oscar/scratch/eaguerov/supercompressible_oracle/riks_8a1c5f0dd77247ee92e1e33c84c8cc70/SUPERCOMPRESSIBLE_RIKS.odb,1.0126327805746598,0.039956197142601,True,True,0.0,0.0,D000,supercompressible-material,2026-08-04T01:18:02+00:00,491598.109,0.105181485414505,,,,,,,,,,,,,,,,,,,
31,0.1463206884809648,1,/oscar/scratch/eaguerov/supercompressible_oracle/lin_e4aaff62aa194b60b9bbca1fc21d61d8/SUPERCOMPRESSIBLE_LIN_BUCKLE,False,False,/oscar/scratch/eaguerov/supercompressible_oracle/riks_a441d8bdf3e0452aa0f7d62c7262a90f/SUPERCOMPRESSIBLE_RIKS.odb,0.1470574697443976,0.0109796952456235,False,False,0.0,0.0,D000,supercompressible-material,2026-08-04T01:18:02+00:00,491598.438,,,,,,,,,,,,,,,,,,,,
32,2.8246819299949584,1,/oscar/scratch/eaguerov/supercompressible_oracle/lin_aa1643bd22e64822a59c4ee9aab452c0/SUPERCOMPRESSIBLE_LIN_BUCKLE,False,False,/oscar/scratch/eaguerov/supercompressible_oracle/riks_66eb518b10e945e78aecc427b9affde7/SUPERCOMPRESSIBLE_RIKS.odb,0.8084633199216658,0.0749876648187637,False,False,0.0,0.0,D000,supercompressible-material,2026-08-04T01:18:02+00:00,491759.228,,,,,,,,,,,,,,,,,,,,
33,0.0119052141564553,1,/oscar/scratch/eaguerov/supercompressible_oracle/lin_3f8f56c0fc73463ea49c815ffe4f0052/SUPERCOMPRESSIBLE_LIN_BUCKLE,False,False,/oscar/scratch/eaguerov/supercompressible_oracle/riks_e025fe59cd1f4502ab16a6b29abf7c0c/SUPERCOMPRESSIBLE_RIKS.odb,0.0157760899906464,0.0013175625354051,False,False,0.0,0.0,D000,supercompressible-material,2026-08-04T01:18:02+00:00,492568.945,,,,,,,,,,,,,,,,,,,,
34,3.5921482862431566,1,/oscar/scratch/eaguerov/supercompressible_oracle/lin_9a3b3bc97f174a4d839789aeab2d91b7/SUPERCOMPRESSIBLE_LIN_BUCKLE,False,False,/oscar/scratch/eaguerov/supercompressible_oracle/riks_56899806c03c4913b14f3957ee325fe1/SUPERCOMPRESSIBLE_RIKS.odb,1.0352472575384513,0.0338136255741119,True,True,0.0,0.0,D000,supercompressible-material,2026-08-04T01:18:04+00:00,494191.481,0.1156516447663307,,,,,,,,,,,,,,,,,,,
35,5.155771329814252,1,/oscar/scratch/eaguerov/supercompressible_oracle/lin_867075dc2f7f41dea202b7be4b120317/SUPERCOMPRESSIBLE_LIN_BUCKLE,False,False,/oscar/scratch/eaguerov/supercompressible_oracle/riks_3c7f27ecd15545df944b5c17c6872901/SUPERCOMPRESSIBLE_RIKS.odb,1.012158293036861,0.085452601313591,True,True,0.0,1.0,D000,supercompressible-material,2026-08-04T01:18:04+00:00,494338.643,0.0751724988222122,,,,,,,,,,,,,,,,,,,
36,3.5921482862431566,1,/oscar/scratch/eaguerov/supercompressible_oracle/lin_910c75b790834e848248a908cc7ba771/SUPERCOMPRESSIBLE_LIN_BUCKLE,False,False,/oscar/scratch/eaguerov/supercompressible_oracle/riks_09b66b0d28e246468968efca1f0403e0/SUPERCOMPRESSIBLE_RIKS.odb,1.0352472575384513,0.0338136255741119,True,True,0.0,0.0,D000,supercompressible-material,2026-08-04T01:18:17+00:00,506793.25,0.1156516447663307,,,,,,,,,,,,,,,,,,,
37,0.5043301836695979,1,/oscar/scratch/eaguerov/supercompressible_oracle/lin_afcc5477d91b4da9a057d7f7aff728a2/SUPERCOMPRESSIBLE_LIN_BUCKLE,False,False,,,,False,False,,,D000,supercompressible-material,2026-08-04T01:18:38+00:00,529049.203,,,,,,,,,,,,,,,,,,,,
38,6.382749837757371,0,/oscar/scratch/eaguerov/supercompressible_oracle/lin_dd4a58fa462b4b6a94769a8459de9533/SUPERCOMPRESSIBLE_LIN_BUCKLE,,,,,,,,,,D000,supercompressible-material,2026-08-04T01:18:38+00:00,528917.823,,,,,,,,,,,,,,,,,,,,
39,0.9651580162274112,1,/oscar/scratch/eaguerov/supercompressible_oracle/lin_88bbdd8f2bdf4682bea8836165e188b0/SUPERCOMPRESSIBLE_LIN_BUCKLE,False,False,/oscar/scratch/eaguerov/supercompressible_oracle/riks_359bf556992544839ea89f386fb11805/SUPERCOMPRESSIBLE_RIKS.odb,0.3393363922680283,0.0122948279604315,False,False,0.0,0.0,D000,supercompressible-material,2026-08-04T01:18:38+00:00,529965.055,0.0298430807888507,,,,,,,,,,,,,,,,,,,
40,0.2655213746590708,1,/oscar/scratch/eaguerov/supercompressible_oracle/lin_18f480c692784294a39af69e229ca51d/SUPERCOMPRESSIBLE_LIN_BUCKLE,False,False,,,,False,False,,,D000,supercompressible-material,2026-08-04T01:18:38+00:00,529246.514,,,,,,,,,,,,,,,,,,,,
41,4.123216500352193,0,/oscar/scratch/eaguerov/supercompressible_oracle/lin_2acb02ee2a874c5e8da996a757708e6b/SUPERCOMPRESSIBLE_LIN_BUCKLE,,,,,,,,,,D000,supercompressible-material,2026-08-04T01:18:42+00:00,189235.97,,,,,,,,,,,,,,,,,,,,
42,0.0334025906297638,1,/oscar/scratch/eaguerov/supercompressible_oracle/lin_580ca92be2c64858aa19fff4cbd8e282/SUPERCOMPRESSIBLE_LIN_BUCKLE,False,False,/oscar/scratch/eaguerov/supercompressible_oracle/riks_dd54bd44790e471ebaf40c8e56d656b7/SUPERCOMPRESSIBLE_RIKS.odb,0.2297658085030365,0.0097746746614575,False,False,0.0,0.0,D000,supercompressible-material,2026-08-04T01:18:42+00:00,533029.097,,,,,,,,,,,,,,,,,,,,
43,0.8166558439931334,1,/oscar/scratch/eaguerov/supercompressible_oracle/lin_867f33a4d0ea4ed294c7bb3d95dbdbc9/SUPERCOMPRESSIBLE_LIN_BUCKLE,False,False,,,,False,False,,,D000,supercompressible-material,2026-08-04T01:18:55+00:00,545410.591,,,,,,,,,,,,,,,,,,,,
44,0.0050882896339432,1,/oscar/scratch/eaguerov/supercompressible_oracle/lin_97654bccf417463f87e078933f5d9dbd/SUPERCOMPRESSIBLE_LIN_BUCKLE,False,False,,,,False,False,,,D000,supercompressible-material,2026-08-04T01:19:07+00:00,556224.635,,,,,,,,,,,,,,,,,,,,
45,0.9651580162274112,1,/oscar/scratch/eaguerov/supercompressible_oracle/lin_3c05df790c824666b3d7899c9301c718/SUPERCOMPRESSIBLE_LIN_BUCKLE,False,False,/oscar/scratch/eaguerov/supercompressible_oracle/riks_9a245679007f460b9cbd9d7496de3e40/SUPERCOMPRESSIBLE_RIKS.odb,0.3393363922680283,0.0122948279604315,False,False,0.0,0.0,D000,supercompressible-material,2026-08-04T01:19:30+00:00,580961.135,0.0298430807888507,,,,,,,,,,,,,,,,,,,
46,5.155771329814252,1,/oscar/scratch/eaguerov/supercompressible_oracle/lin_62d250fcc24a4fa99ce9c5ef0365561a/SUPERCOMPRESSIBLE_LIN_BUCKLE,False,False,/oscar/scratch/eaguerov/supercompressible_oracle/riks_323f3595ecca46e08ae92f6bc824075f/SUPERCOMPRESSIBLE_RIKS.odb,1.012158293036861,0.085452601313591,True,True,0.0,1.0,D000,supercompressible-material,2026-08-04T01:19:30+00:00,581176.025,0.0751724988222122,,,,,,,,,,,,,,,,,,,
47,2.4803555157804125,1,/oscar/scratch/eaguerov/supercompressible_oracle/lin_b423fa419ff64a30868e7c9ff614c139/SUPERCOMPRESSIBLE_LIN_BUCKLE,False,False,/oscar/scratch/eaguerov/supercompressible_oracle/riks_3e0716e7b9cb47aea6c9e9159d13d882/SUPERCOMPRESSIBLE_RIKS.odb,0.9205179197736254,0.0651765614748001,False,False,0.0,1.0,D000,supercompressible-material,2026-08-04T01:19:42+00:00,593616.415,,,,,,,,,,,,,,,,,,,,
48,0.9120214858937972,1,/oscar/scratch/eaguerov/supercompressible_oracle/lin_53a6233fd4b84ee999a86e9838fea100/SUPERCOMPRESSIBLE_LIN_BUCKLE,False,False,/oscar/scratch/eaguerov/supercompressible_oracle/riks_b1a9dc4c413a45e6bffd4f58fe5b187c/SUPERCOMPRESSIBLE_RIKS.odb,0.4360609904110337,0.0154511258006095,False,False,0.0,0.0,D000,supercompressible-material,2026-08-04T01:19:43+00:00,592507.844,0.0138308182358741,,,,,,,,,,,,,,,,,,,
49,3.2238849685875897,1,/oscar/scratch/eaguerov/supercompressible_oracle/lin_5d83d54aa91e4b8684e5cbe0bb4360e3/SUPERCOMPRESSIBLE_LIN_BUCKLE,False,False,/oscar/scratch/eaguerov/supercompressible_oracle/riks_11b1981d54f44e268fc565a1e6429cc6/SUPERCOMPRESSIBLE_RIKS.odb,1.1213020733447192,0.0509321205317974,True,True,0.0,1.0,D000,supercompressible-material,2026-08-04T01:19:43+00:00,593875.819,0.1075879409909248,,,,,,,,,,,,,,,,,,,
50,0.9120214858937972,1,/oscar/scratch/eaguerov/supercompressible_oracle/lin_63615c0f826e49fbadca7f5c9d834db2/SUPERCOMPRESSIBLE_LIN_BUCKLE,False,False,/oscar/scratch/eaguerov/supercompressible_oracle/riks_ea4c697e9e4d4d5b9625834f44bd690d/SUPERCOMPRESSIBLE_RIKS.odb,0.4360609904110337,0.0154511258006095,False,False,0.0,0.0,D000,supercompressible-material,2026-08-04T01:19:56+00:00,605248.029,0.0138308182358741,,,,,,,,,,,,,,,,,,,
51,0.0510696381393273,1,/oscar/scratch/eaguerov/supercompressible_oracle/lin_d369375ec92a401d9b39ee5ef99d17ef/SUPERCOMPRESSIBLE_LIN_BUCKLE,False,False,/oscar/scratch/eaguerov/supercompressible_oracle/riks_b8e6ff9f73a5410faa17817366b20bdf/SUPERCOMPRESSIBLE_RIKS.odb,1.0357377194698263,0.0237319972366094,True,True,0.0,0.0,D000,supercompressible-material,2026-08-04T01:19:56+00:00,605941.868,,,,,,,,,,,,,,,,,,,,
52,3.720745480261408,0,/oscar/scratch/eaguerov/supercompressible_oracle/lin_69e1ee5f0fa34d8fa674a7a35a67f35f/SUPERCOMPRESSIBLE_LIN_BUCKLE,,,,,,,,,,D000,supercompressible-material,2026-08-04T01:20:30+00:00,227169.91,,,,,,,,,,,,,,,,,,,,
53,0.8934321885406636,0,/oscar/scratch/eaguerov/supercompressible_oracle/lin_8fcec02fd7294fef9583374cd2e6ee08/SUPERCOMPRESSIBLE_LIN_BUCKLE,,,,,,,,,,D000,supercompressible-material,2026-08-04T01:20:30+00:00,205681.694,,,,,,,,,,,,,,,,,,,,
54,0.0510696381393273,1,/oscar/scratch/eaguerov/supercompressible_oracle/lin_5efd495a812146fd96a0ecd3479e0acc/SUPERCOMPRESSIBLE_LIN_BUCKLE,False,False,/oscar/scratch/eaguerov/supercompressible_oracle/riks_eb2ba95887b34fd6abf133023c5278d9/SUPERCOMPRESSIBLE_RIKS.odb,1.0357377194698263,0.0237319972366094,True,True,0.0,0.0,D000,supercompressible-material,2026-08-04T01:20:31+00:00,637554.616,,,,,,,,,,,,,,,,,,,,
55,0.7723046665181919,1,/oscar/scratch/eaguerov/supercompressible_oracle/lin_5fa53a4c69ac45f3aa5c77d343775b51/SUPERCOMPRESSIBLE_LIN_BUCKLE,False,False,/oscar/scratch/eaguerov/supercompressible_oracle/riks_92c61d24ce2f47c59c27b60ff8686b6c/SUPERCOMPRESSIBLE_RIKS.odb,0.5347181145908368,0.0151620022952556,False,False,0.0,0.0,D000,supercompressible-material,2026-08-04T01:20:31+00:00,640710.62,0.0440438389778137,,,,,,,,,,,,,,,,,,,
56,0.0050882896339432,1,/oscar/scratch/eaguerov/supercompressible_oracle/lin_9ab4357e5955445fa7b4cc15b888a8bd/SUPERCOMPRESSIBLE_LIN_BUCKLE,False,False,/oscar/scratch/eaguerov/supercompressible_oracle/riks_125c99c6e52a4f56a5b293d89bfb0513/SUPERCOMPRESSIBLE_RIKS.odb,0.6268881236328371,0.0097594605758786,False,False,0.0,0.0,D000,supercompressible-material,2026-08-04T01:20:30+00:00,639241.773,,,,,,,,,,,,,,,,,,,,
57,0.6256274709647011,1,/oscar/scratch/eaguerov/supercompressible_oracle/lin_cbf37e32454443bc886b1eef2c88f04e/SUPERCOMPRESSIBLE_LIN_BUCKLE,False,False,/oscar/scratch/eaguerov/supercompressible_oracle/riks_3b4fb586477d4a7ca9ed8c881062c589/SUPERCOMPRESSIBLE_RIKS.odb,0.100981706524762,0.0137327471747994,False,False,0.0,0.0,D000,supercompressible-material,2026-08-04T01:20:30+00:00,641513.129,,,,,,,,,,,,,,,,,,,,
58,1.068375301987275,1,/oscar/scratch/eaguerov/supercompressible_oracle/lin_e870df7e5ee64433802ce444e4380aaf/SUPERCOMPRESSIBLE_LIN_BUCKLE,False,False,,,,False,False,,,D000,supercompressible-material,2026-08-04T01:20:55+00:00,502425.486,,,,,,,,,,,,,,,,,,,,
59,0.1583528021787121,0,/oscar/scratch/eaguerov/supercompressible_oracle/lin_d60a39dea9664cccaafd48a10bef6524/SUPERCOMPRESSIBLE_LIN_BUCKLE,,,,,,,,,,D000,supercompressible-material,2026-08-04T01:21:21+00:00,389222.255,,,,,,,,,,,,,,,,,,,,
60,3.720745480261408,0,/oscar/scratch/eaguerov/supercompressible_oracle/lin_e34fb3fc281b48b8ad960d3547dd54d7/SUPERCOMPRESSIBLE_LIN_BUCKLE,,,,,,,,,,D000,supercompressible-material,2026-08-04T01:21:21+00:00,228136.102,,,,,,,,,,,,,,,,,,,,
61,0.8772196050043692,1,/oscar/scratch/eaguerov/supercompressible_oracle/lin_ce546610544e4992a89873cab547a9f3/SUPERCOMPRESSIBLE_LIN_BUCKLE,False,False,,,,False,False,,,D000,supercompressible-material,2026-08-04T01:21:43+00:00,421649.35,,,,,,,,,,,,,,,,,,,,
62,1.2069462057726186,1,/oscar/scratch/eaguerov/supercompressible_oracle/lin_fef61090a4a644019f6c1c204ccc8c89/SUPERCOMPRESSIBLE_LIN_BUCKLE,False,False,,,,False,False,,,D000,supercompressible-material,2026-08-04T01:21:43+00:00,713621.164,,,,,,,,,,,,,,,,,,,,
63,0.2655213746590708,1,/oscar/scratch/eaguerov/supercompressible_oracle/lin_95fa6a1853da4b64b0040df39e859fd9/SUPERCOMPRESSIBLE_LIN_BUCKLE,False,False,,,,False,False,,,D000,supercompressible-material,2026-08-04T01:21:56+00:00,727049.745,,,,,,,,,,,,,,,,,,,,
64,2.17269840045424,1,/oscar/scratch/eaguerov/supercompressible_oracle/lin_ef4840f5fc7b4b278d4bb88833846ece/SUPERCOMPRESSIBLE_LIN_BUCKLE,False,False,,,,False,False,,,D000,supercompressible-material,2026-08-04T01:22:08+00:00,737076.369,,,,,,,,,,,,,,,,,,,,
65,0.7723046665181919,1,/oscar/scratch/eaguerov/supercompressible_oracle/lin_8193db71db1c424d8e08bfe6ecd16423/SUPERCOMPRESSIBLE_LIN_BUCKLE,False,False,,,,False,False,,,D000,supercompressible-material,2026-08-04T01:22:09+00:00,739965.558,,,,,,,,,,,,,,,,,,,,
66,18.3533236241758,1,/oscar/scratch/eaguerov/supercompressible_oracle/lin_ad04bf132efe445aae6eda3e29462e84/SUPERCOMPRESSIBLE_LIN_BUCKLE,False,False,/oscar/scratch/eaguerov/supercompressible_oracle/riks_7efc70f04f7f429095e0199f0d249d7d/SUPERCOMPRESSIBLE_RIKS.odb,0.9169832133496058,0.1412651389837265,False,False,0.0,1.0,D000,supercompressible-material,2026-08-04T01:22:09+00:00,739281.413,,,,,,,,,,,,,,,,,,,,
67,1.5291182519087725,1,/oscar/scratch/eaguerov/supercompressible_oracle/lin_99a0ef5a27eb4e62ab52272b42d07af1/SUPERCOMPRESSIBLE_LIN_BUCKLE,False,False,/oscar/scratch/eaguerov/supercompressible_oracle/riks_7a4d276037e549a0be05aedbcd95a31b/SUPERCOMPRESSIBLE_RIKS.odb,1.1057133043485683,0.0326353162527084,True,True,0.0,0.0,D000,supercompressible-material,2026-08-04T01:22:10+00:00,739865.046,0.0892634913325309,,,,,,,,,,,,,,,,,,,
68,26.26565856834167,1,/oscar/scratch/eaguerov/supercompressible_oracle/lin_d81cc9e62259490f97c2db35efc4729d/SUPERCOMPRESSIBLE_LIN_BUCKLE,False,False,/oscar/scratch/eaguerov/supercompressible_oracle/riks_06022a35ca354ffda5b92c586a0947ad/SUPERCOMPRESSIBLE_RIKS.odb,1.1240571455028794,0.1271078288555145,True,True,0.0,1.0,D000,supercompressible-material,2026-08-04T01:22:10+00:00,498672.55,,,,,,,,,,,,,,,,,,,,
69,,0,,,,,,,,,,,D000,supercompressible-material,2026-08-04T01:22:23+00:00,128030.793,,,,,,,,,,,,,,,,,,,,
70,0.0119052141564553,1,/oscar/scratch/eaguerov/supercompressible_oracle/lin_56ca5f7e90da46bb95fe2f06f1c9c559/SUPERCOMPRESSIBLE_LIN_BUCKLE,False,False,,,,False,False,,,D000,supercompressible-material,2026-08-04T01:22:36+00:00,766431.783,,,,,,,,,,,,,,,,,,,,
71,4.539098976980855,1,/oscar/scratch/eaguerov/supercompressible_oracle/lin_f690cb87dad94f72a0b268ec27cf74a4/SUPERCOMPRESSIBLE_LIN_BUCKLE,False,False,/oscar/scratch/eaguerov/supercompressible_oracle/riks_e8c75d4fe87b4a0aa2d7f6be9dc07e48/SUPERCOMPRESSIBLE_RIKS.odb,1.019500251371918,0.0449330657720565,False,False,0.0,0.0,D000,supercompressible-material,2026-08-04T01:22:36+00:00,605467.166,0.135047510266304,,,,,,,,,,,,,,,,,,,
72,,0,,,,,,,,,,,D000,supercompressible-material,2026-08-04T01:23:13+00:00,307291.7,,,,,,,,,,,,,,,,,,,,
73,2.907782030948007,1,/oscar/scratch/eaguerov/supercompressible_oracle/lin_f7aa240f8d764724b9d97657e6ec7d93/SUPERCOMPRESSIBLE_LIN_BUCKLE,False,False,/oscar/scratch/eaguerov/supercompressible_oracle/riks_c6c9cb2de38d4d3aa0794bf21af19189/SUPERCOMPRESSIBLE_RIKS.odb,1.0896401929873054,0.0392691791057586,True,True,0.0,0.0,D000,supercompressible-material,2026-08-04T01:23:13+00:00,511106.448,0.0847386568784713,,,,,,,,,,,,,,,,,,,
74,,0,,,,,,,,,,,D000,supercompressible-material,2026-08-04T01:23:13+00:00,307295.637,,,,,,,,,,,,,,,,,,,,
75,,0,,,,,,,,,,,D000,supercompressible-material,2026-08-04T01:23:23+00:00,297745.629,,,,,,,,,,,,,,,,,,,,
76,,0,,,,,,,,,,,D000,supercompressible-material,2026-08-04T01:23:23+00:00,297745.518,,,,,,,,,,,,,,,,,,,,
77,7.298209070421953,1,/oscar/scratch/eaguerov/supercompressible_oracle/lin_da6523226284424c9ac8155aedca22b0/SUPERCOMPRESSIBLE_LIN_BUCKLE,False,False,,,,False,False,,,D000,supercompressible-material,2026-08-04T01:24:00+00:00,498055.656,,,,,,,,,,,,,,,,,,,,
78,10.261037491020677,0,/oscar/scratch/eaguerov/supercompressible_oracle/lin_f986fd051d38480a9a68dedfbdda391c/SUPERCOMPRESSIBLE_LIN_BUCKLE,,,,,,,,,,D000,supercompressible-material,2026-08-04T01:24:00+00:00,408784.063,,,,,,,,,,,,,,,,,,,,
79,1.2069462057726186,1,/oscar/scratch/eaguerov/supercompressible_oracle/lin_7dbb52d120c344c7b6235c32a95cc77d/SUPERCOMPRESSIBLE_LIN_BUCKLE,False,False,/oscar/scratch/eaguerov/supercompressible_oracle/riks_375c854b84fe4211aaf149a737d3b36e/SUPERCOMPRESSIBLE_RIKS.odb,0.3152060076914411,0.0140217216685414,False,False,0.0,0.0,D000,supercompressible-material,2026-08-04T01:24:00+00:00,848953.568,0.0218590162694454,,,,,,,,,,,,,,,,,,,
80,,0,,,,,,,,,,,D000,supercompressible-material,2026-08-04T01:24:13+00:00,127019.051,,,,,,,,,,,,,,,,,,,,
81,9.40499610377707,1,/oscar/scratch/eaguerov/supercompressible_oracle/lin_d23c421a125f467db24bde09289a58a3/SUPERCOMPRESSIBLE_LIN_BUCKLE,False,False,,,,False,False,,,D000,supercompressible-material,2026-08-04T01:24:50+00:00,354949.234,,,,,,,,,,,,,,,,,,,,
82,0.0397085216816555,1,/oscar/scratch/eaguerov/supercompressible_oracle/lin_3a5b43d4855c4bae80afdead5f2e4699/SUPERCOMPRESSIBLE_LIN_BUCKLE,False,False,/oscar/scratch/eaguerov/supercompressible_oracle/riks_20fd0413843d45cb90a874001a30cc27/SUPERCOMPRESSIBLE_RIKS.odb,1.033746282231689,0.0188628751784563,True,True,0.0,0.0,D000,supercompressible-material,2026-08-04T01:24:50+00:00,465601.222,,,,,,,,,,,,,,,,,,,,
83,0.030802211066233,1,/oscar/scratch/eaguerov/supercompressible_oracle/lin_73618f3c83f1429f942412e7f713bd45/SUPERCOMPRESSIBLE_LIN_BUCKLE,False,False,/oscar/scratch/eaguerov/supercompressible_oracle/riks_ed2dd3239c2143138bce763a7fbbfae3/SUPERCOMPRESSIBLE_RIKS.odb,1.0265402917121778,0.0196273811161518,True,True,0.0,0.0,D000,supercompressible-material,2026-08-04T01:24:51+00:00,437893.662,,,,,,,,,,,,,,,,,,,,
84,0.5283944110650926,0,/oscar/scratch/eaguerov/supercompressible_oracle/lin_b95e90710aff4861be660ec298d0a701/SUPERCOMPRESSIBLE_LIN_BUCKLE,,,,,,,,,,D000,supercompressible-material,2026-08-04T01:25:38+00:00,202954.969,,,,,,,,,,,,,,,,,,,,
85,5.106114987569581,0,/oscar/scratch/eaguerov/supercompressible_oracle/lin_715063199c054b7898470e28165da6c3/SUPERCOMPRESSIBLE_LIN_BUCKLE,,,,,,,,,,D000,supercompressible-material,2026-08-04T01:25:38+00:00,182585.281,,,,,,,,,,,,,,,,,,,,
86,4.051702879256235,1,/oscar/scratch/eaguerov/supercompressible_oracle/lin_d8ea5d0483a447e684cfe1a8fd161516/SUPERCOMPRESSIBLE_LIN_BUCKLE,False,False,/oscar/scratch/eaguerov/supercompressible_oracle/riks_c354b9ef65f140a2a28d968c80de7a9e/SUPERCOMPRESSIBLE_RIKS.odb,1.010329886610228,0.0698313638567924,True,True,0.0,1.0,D000,supercompressible-material,2026-08-04T01:25:38+00:00,646273.928,0.0527012422680854,,,,,,,,,,,,,,,,,,,
87,1.8326585593736355,1,/oscar/scratch/eaguerov/supercompressible_oracle/lin_269267b9fd4a438b9a68614827662d2d/SUPERCOMPRESSIBLE_LIN_BUCKLE,False,False,/oscar/scratch/eaguerov/supercompressible_oracle/riks_f24fe3b35e4b4685b0208711a153775f/SUPERCOMPRESSIBLE_RIKS.odb,1.0564122909804745,0.0306693613529205,True,True,0.0,0.0,D000,supercompressible-material,2026-08-04T01:25:38+00:00,515418.931,0.0478047579526901,,,,,,,,,,,,,,,,,,,
88,,0,,,,,,,,,,,D000,supercompressible-material,2026-08-04T01:26:27+00:00,267883.613,,,,,,,,,,,,,,,,,,,,
89,0.1985022891560276,1,/oscar/scratch/eaguerov/supercompressible_oracle/lin_ef382be67cc0459d8a52f901bc8314c6/SUPERCOMPRESSIBLE_LIN_BUCKLE,False,False,,,,False,False,,,D000,supercompressible-material,2026-08-04T01:26:27+00:00,487215.479,,,,,,,,,,,,,,,,,,,,
90,0.0611070098836562,1,/oscar/scratch/eaguerov/supercompressible_oracle/lin_76b6cfd01b974825a7e1b5a0db08f57d/SUPERCOMPRESSIBLE_LIN_BUCKLE,False,False,/oscar/scratch/eaguerov/supercompressible_oracle/riks_404bbd4b860f426e8fb51d1aceb28abc/SUPERCOMPRESSIBLE_RIKS.odb,0.297641704667738,0.0072601945139467,False,False,0.0,0.0,D000,supercompressible-material,2026-08-04T01:26:38+00:00,510487.713,,,,,,,,,,,,,,,,,,,,
91,0.5283944110650926,0,/oscar/scratch/eaguerov/supercompressible_oracle/lin_c606a0796d044766be43273c40ef9746/SUPERCOMPRESSIBLE_LIN_BUCKLE,,,,,,,,,,D000,supercompressible-material,2026-08-04T01:26:51+00:00,234636.187,,,,,,,,,,,,,,,,,,,,
92,0.4795020125472622,0,/oscar/scratch/eaguerov/supercompressible_oracle/lin_c9cbb1944c0d46c4b4057ff1aa4f068d/SUPERCOMPRESSIBLE_LIN_BUCKLE,,,,,,,,,,D000,supercompressible-material,2026-08-04T01:27:15+00:00,222672.184,,,,,,,,,,,,,,,,,,,,
93,144.71216252278282,0,/oscar/scratch/eaguerov/supercompressible_oracle/lin_5f71202017c242eaa530feffb65392cb/SUPERCOMPRESSIBLE_LIN_BUCKLE,,,,,,,,,,D000,supercompressible-material,2026-08-04T01:27:15+00:00,244921.337,,,,,,,,,,,,,,,,,,,,
94,,0,,,,,,,,,,,D000,supercompressible-material,2026-08-04T01:27:16+00:00,383366.179,,,,,,,,,,,,,,,,,,,,
95,144.71216252278282,0,/oscar/scratch/eaguerov/supercompressible_oracle/lin_b92ef07cce694363a6ce5759cbfa6af7/SUPERCOMPRESSIBLE_LIN_BUCKLE,,,,,,,,,,D000,supercompressible-material,2026-08-04T01:27:50+00:00,250543.141,,,,,,,,,,,,,,,,,,,,
96,5.942633368460583,0,/oscar/scratch/eaguerov/supercompressible_oracle/lin_3cb01043041d48f0aefedd41e9cf3f93/SUPERCOMPRESSIBLE_LIN_BUCKLE,,,,,,,,,,D000,supercompressible-material,2026-08-04T01:27:50+00:00,421363.105,,,,,,,,,,,,,,,,,,,,
97,1.5805146881979153,1,/oscar/scratch/eaguerov/supercompressible_oracle/lin_afd33662111a40feaed2f1610fbf4d53/SUPERCOMPRESSIBLE_LIN_BUCKLE,False,False,/oscar/scratch/eaguerov/supercompressible_oracle/riks_998ddcae5caa495e911dad121f45de6f/SUPERCOMPRESSIBLE_RIKS.odb,1.0016896667633215,0.0624902695417404,True,True,0.0,0.0,D000,supercompressible-material,2026-08-04T01:27:50+00:00,531225.771,0.1494084745645523,,,,,,,,,,,,,,,,,,,
98,2.0552632731115,1,/oscar/scratch/eaguerov/supercompressible_oracle/lin_d3728a9fbdac4d538be3d86fc0c0f34b/SUPERCOMPRESSIBLE_LIN_BUCKLE,False,False,/oscar/scratch/eaguerov/supercompressible_oracle/riks_a45119a374924c59b17859644de96fde/SUPERCOMPRESSIBLE_RIKS.odb,1.0228217761231848,0.0417807176709175,True,True,0.0,0.0,D000,supercompressible-material,2026-08-04T01:27:50+00:00,569499.191,0.0730941966176033,,,,,,,,,,,,,,,,,,,
99,1.1121747423261643,1,/oscar/scratch/eaguerov/supercompressible_oracle/lin_47f2bb90baf545e79288b70ebc66baf6/SUPERCOMPRESSIBLE_LIN_BUCKLE,False,False,/oscar/scratch/eaguerov/supercompressible_oracle/riks_7346a7186c994e9a8c61d98333dcd4fc/SUPERCOMPRESSIBLE_RIKS.odb,1.0210529466071274,0.0627463087439537,True,True,0.0,0.0,D000,supercompressible-material,2026-08-04T01:27:50+00:00,480513.998,0.1560383141040802,,,,,,,,,,,,,,,,,,,
100,0.4795020125472622,0,/oscar/scratch/eaguerov/supercompressible_oracle/lin_0191dee233904811ab267c394dbc8cbe/SUPERCOMPRESSIBLE_LIN_BUCKLE,,,,,,,,,,D000,supercompressible-material,2026-08-04T01:27:50+00:00,208167.078,,,,,,,,,,,,,,,,,,,,
101,0.0629107659053643,1,/oscar/scratch/eaguerov/supercompressible_oracle/lin_5059111b2ddd4f3b916aac9dab3da700/SUPERCOMPRESSIBLE_LIN_BUCKLE,False,False,/oscar/scratch/eaguerov/supercompressible_oracle/riks_a8590f6b77a94e69bca61a1817ee51cf/SUPERCOMPRESSIBLE_RIKS.odb,0.2575026764584653,0.0110266162082552,False,False,0.0,0.0,D000,supercompressible-material,2026-08-04T01:27:50+00:00,615629.933,,,,,,,,,,,,,,,,,,,,
102,,0,,,,,,,,,,,D000,supercompressible-material,2026-08-04T01:28:16+00:00,426390.273,,,,,,,,,,,,,,,,,,,,
103,0.0458069146877553,1,/oscar/scratch/eaguerov/supercompressible_oracle/lin_2d80f0e6235d4745b1166ea951c17827/SUPERCOMPRESSIBLE_LIN_BUCKLE,False,False,/oscar/scratch/eaguerov/supercompressible_oracle/riks_e50cee9794684485a144159f1b2c47d7/SUPERCOMPRESSIBLE_RIKS.odb,1.068317826599424,0.0209969077259302,True,True,0.0,0.0,D000,supercompressible-material,2026-08-04T01:28:38+00:00,417400.618,,,,,,,,,,,,,,,,,,,,
104,0.9684684390437226,1,/oscar/scratch/eaguerov/supercompressible_oracle/lin_175f9e9f382d4aa8bda649b0ee271b43/SUPERCOMPRESSIBLE_LIN_BUCKLE,False,False,/oscar/scratch/eaguerov/supercompressible_oracle/riks_a87bd224ddff4de49a68d5e6e496a31c/SUPERCOMPRESSIBLE_RIKS.odb,0.4620588087701478,0.0170819647610187,False,False,0.0,0.0,D000,supercompressible-material,2026-08-04T01:28:38+00:00,715007.095,0.0183724500238895,,,,,,,,,,,,,,,,,,,
105,5.106114987569581,0,/oscar/scratch/eaguerov/supercompressible_oracle/lin_91aebee3be8344809517f3e1ec47c726/SUPERCOMPRESSIBLE_LIN_BUCKLE,,,,,,,,,,D000,supercompressible-material,2026-08-04T01:29:17+00:00,503980.456,,,,,,,,,,,,,,,,,,,,
106,2.0787757633709423,0,/oscar/scratch/eaguerov/supercompressible_oracle/lin_083fa9861ba74d62a5e58617f976cbe3/SUPERCOMPRESSIBLE_LIN_BUCKLE,,,,,,,,,,D000,supercompressible-material,2026-08-04T01:29:17+00:00,206088.044,,,,,,,,,,,,,,,,,,,,
107,1.1121747423261643,1,/oscar/scratch/eaguerov/supercompressible_oracle/lin_3f5d291195f64c90b91497c44ba025de/SUPERCOMPRESSIBLE_LIN_BUCKLE,False,False,/oscar/scratch/eaguerov/supercompressible_oracle/riks_d3740bc213d342b686165e678f643aa5/SUPERCOMPRESSIBLE_RIKS.odb,1.0210529466071274,0.0627463087439537,True,True,0.0,0.0,D000,supercompressible-material,2026-08-04T01:29:17+00:00,633342.792,0.1560383141040802,,,,,,,,,,,,,,,,,,,
108,1.4283625626020633,1,/oscar/scratch/eaguerov/supercompressible_oracle/lin_5be76207884742bdacf0ad96b7d0be41/SUPERCOMPRESSIBLE_LIN_BUCKLE,False,False,/oscar/scratch/eaguerov/supercompressible_oracle/riks_1ff8879b3cbf43e0a836bb31bd2e19f3/SUPERCOMPRESSIBLE_RIKS.odb,1.094533562695038,0.0290819071233272,True,True,0.0,0.0,D000,supercompressible-material,2026-08-04T01:29:17+00:00,550716.999,0.0364541672170162,,,,,,,,,,,,,,,,,,,
109,3.503743020520379,1,/oscar/scratch/eaguerov/supercompressible_oracle/lin_5e7c6a66eaec4ab89f8baff4b2cb57b1/SUPERCOMPRESSIBLE_LIN_BUCKLE,False,False,/oscar/scratch/eaguerov/supercompressible_oracle/riks_f03ce585a5704ebcb1bf36a7ef9e44d5/SUPERCOMPRESSIBLE_RIKS.odb,0.850648405930489,0.0648275092244148,False,False,0.0,0.0,D000,supercompressible-material,2026-08-04T01:29:17+00:00,660827.038,,,,,,,,,,,,,,,,,,,,
110,0.1985022891560276,1,/oscar/scratch/eaguerov/supercompressible_oracle/lin_aa779f5941b74e658bb1b57c161d4ca9/SUPERCOMPRESSIBLE_LIN_BUCKLE,False,False,/oscar/scratch/eaguerov/supercompressible_oracle/riks_941732c51ef84158842450afb4d570f8/SUPERCOMPRESSIBLE_RIKS.odb,0.1759010501681837,0.0106082344427704,False,False,0.0,0.0,D000,supercompressible-material,2026-08-04T01:29:38+00:00,526897.824,,,,,,,,,,,,,,,,,,,,
111,0.7721773425637184,1,/oscar/scratch/eaguerov/supercompressible_oracle/lin_4ddfa0bd0ef2486d904a02e4b6b55154/SUPERCOMPRESSIBLE_LIN_BUCKLE,False,False,/oscar/scratch/eaguerov/supercompressible_oracle/riks_c35398c395a9485e90ceb9435672116b/SUPERCOMPRESSIBLE_RIKS.odb,0.5216829217288991,0.0150214796885848,False,False,0.0,0.0,D000,supercompressible-material,2026-08-04T01:29:39+00:00,712440.206,0.0155843552201986,,,,,,,,,,,,,,,,,,,
112,4.975395727643438,1,/oscar/scratch/eaguerov/supercompressible_oracle/lin_86a8a56fc5be4cde9f2f70b0996721bc/SUPERCOMPRESSIBLE_LIN_BUCKLE,False,False,/oscar/scratch/eaguerov/supercompressible_oracle/riks_49b49155fec84eb7b91c9ae12940210d/SUPERCOMPRESSIBLE_RIKS.odb,1.0424399091919736,0.0793248862028122,True,True,0.0,0.0,D000,supercompressible-material,2026-08-04T01:29:38+00:00,380046.029,,,,,,,,,,,,,,,,,,,,
113,1.5805146881979153,1,/oscar/scratch/eaguerov/supercompressible_oracle/lin_60b7cf8f89c84a8c963f7d4fc86ec546/SUPERCOMPRESSIBLE_LIN_BUCKLE,False,False,/oscar/scratch/eaguerov/supercompressible_oracle/riks_c4d1bf9e5b9a43a0855b2656457adb2c/SUPERCOMPRESSIBLE_RIKS.odb,1.0016896667633215,0.0624902695417404,True,True,0.0,0.0,D000,supercompressible-material,2026-08-04T01:29:39+00:00,680600.167,0.1494084745645523,,,,,,,,,,,,,,,,,,,
114,1.0827629088427824,1,/oscar/scratch/eaguerov/supercompressible_oracle/lin_cc3ea208bbbd42afb1102c23590708fd/SUPERCOMPRESSIBLE_LIN_BUCKLE,False,False,/oscar/scratch/eaguerov/supercompressible_oracle/riks_2182d3f6ca784aa39d6c5a1db1bf91c2/SUPERCOMPRESSIBLE_RIKS.odb,1.0704593394354691,0.0459412299096584,True,True,0.0,0.0,D000,supercompressible-material,2026-08-04T01:30:06+00:00,604020.511,0.0863729491829872,,,,,,,,,,,,,,,,,,,
115,1.319203492300102,1,/oscar/scratch/eaguerov/supercompressible_oracle/lin_9a963a64fcb34d39be7df80fb7d07ffc/SUPERCOMPRESSIBLE_LIN_BUCKLE,False,False,/oscar/scratch/eaguerov/supercompressible_oracle/riks_78ff6960a78848719f081bc3dc440282/SUPERCOMPRESSIBLE_RIKS.odb,0.8215717799126202,0.0561015307903289,False,False,0.0,0.0,D000,supercompressible-material,2026-08-04T01:30:06+00:00,554005.987,,,,,,,,,,,,,,,,,,,,
116,2.949034992197426,1,/oscar/scratch/eaguerov/supercompressible_oracle/lin_ca114a34839e4e8787fbc0e4e5b38b9c/SUPERCOMPRESSIBLE_LIN_BUCKLE,False,False,/oscar/scratch/eaguerov/supercompressible_oracle/riks_52f617bb26394ccb841353acc0cad704/SUPERCOMPRESSIBLE_RIKS.odb,0.8550651967282865,0.0570955127477645,False,False,0.0,0.0,D000,supercompressible-material,2026-08-04T01:30:17+00:00,794393.857,,,,,,,,,,,,,,,,,,,,
117,2.0552632731115,1,/oscar/scratch/eaguerov/supercompressible_oracle/lin_07345b4fd6844dd88a91c25ede4f03b5/SUPERCOMPRESSIBLE_LIN_BUCKLE,False,False,/oscar/scratch/eaguerov/supercompressible_oracle/riks_4469e414d6f94b199f35bcd2a0d49491/SUPERCOMPRESSIBLE_RIKS.odb,1.0228217761231848,0.0417807176709175,True,True,0.0,0.0,D000,supercompressible-material,2026-08-04T01:30:39+00:00,650781.916,0.0730941966176033,,,,,,,,,,,,,,,,,,,
118,47.4324171732006,1,/oscar/scratch/eaguerov/supercompressible_oracle/lin_b8843180d28a46e6bbfd46d087f39db0/SUPERCOMPRESSIBLE_LIN_BUCKLE,False,False,/oscar/scratch/eaguerov/supercompressible_oracle/riks_f9173f2c1ca74f13ac0fa8cf0c894c13/SUPERCOMPRESSIBLE_RIKS.odb,1.0691870658208569,0.1513773202896118,True,True,0.0,1.0,D000,supercompressible-material,2026-08-04T01:30:39+00:00,440487.639,,,,,,,,,,,,,,,,,,,,
119,47.4324171732006,1,/oscar/scratch/eaguerov/supercompressible_oracle/lin_4c20c2fba8b849808e93ae7c9cc17a19/SUPERCOMPRESSIBLE_LIN_BUCKLE,False,False,/oscar/scratch/eaguerov/supercompressible_oracle/riks_b50d7b16a55c415cbe6e43ff91ddcd3a/SUPERCOMPRESSIBLE_RIKS.odb,1.0691870658208569,0.1513773202896118,True,True,0.0,1.0,D000,supercompressible-material,2026-08-04T01:30:39+00:00,479757.771,,,,,,,,,,,,,,,,,,,,
120,0.97126956604214,1,/oscar/scratch/eaguerov/supercompressible_oracle/lin_c04136b7467549fe8240df2f0343426a/SUPERCOMPRESSIBLE_LIN_BUCKLE,False,False,/oscar/scratch/eaguerov/supercompressible_oracle/riks_b5640ce8ffcc4343971df03e8ecf6b93/SUPERCOMPRESSIBLE_RIKS.odb,0.4349846584904129,0.015036629512906,False,False,0.0,0.0,D000,supercompressible-material,2026-08-04T01:30:39+00:00,683763.506,0.0305170882493257,,,,,,,,,,,,,,,,,,,
121,1.319203492300102,1,/oscar/scratch/eaguerov/supercompressible_oracle/lin_76ba257d7d704bb29e4d50474bdb2143/SUPERCOMPRESSIBLE_LIN_BUCKLE,False,False,,,,False,False,,,D000,supercompressible-material,2026-08-04T01:30:52+00:00,682003.158,,,,,,,,,,,,,,,,,,,,
122,0.0307932983894199,1,/oscar/scratch/eaguerov/supercompressible_oracle/lin_1eff096d7a6b4afab3f2a213c3ded1e4/SUPERCOMPRESSIBLE_LIN_BUCKLE,False,False,/oscar/scratch/eaguerov/supercompressible_oracle/riks_70cea0bdc5524ffdae40dcd8dd5b660d/SUPERCOMPRESSIBLE_RIKS.odb,1.0487293750970097,0.0195930674672126,True,True,0.0,0.0,D000,supercompressible-material,2026-08-04T01:31:05+00:00,272017.042,,,,,,,,,,,,,,,,,,,,
123,0.030802211066233,1,/oscar/scratch/eaguerov/supercompressible_oracle/lin_c51cbbfcfa574107bf94858eff9c34b3/SUPERCOMPRESSIBLE_LIN_BUCKLE,False,False,/oscar/scratch/eaguerov/supercompressible_oracle/riks_f0163dcfbdc947e899ead1b2096bc7c2/SUPERCOMPRESSIBLE_RIKS.odb,1.0487435437530066,0.0195946395397186,True,True,0.0,0.0,D000,supercompressible-material,2026-08-04T01:31:05+00:00,322261.983,,,,,,,,,,,,,,,,,,,,
124,0.0306405096440516,1,/oscar/scratch/eaguerov/supercompressible_oracle/lin_6ae7d7d285224b1f8d7661a1c52e1474/SUPERCOMPRESSIBLE_LIN_BUCKLE,False,False,/oscar/scratch/eaguerov/supercompressible_oracle/riks_da1bea5cedbc4e2cbd159a1eb1611160/SUPERCOMPRESSIBLE_RIKS.odb,1.03563100152586,0.0195910409092903,True,True,0.0,0.0,D000,supercompressible-material,2026-08-04T01:31:05+00:00,289772.108,,,,,,,,,,,,,,,,,,,,
125,0.0611070098836562,1,/oscar/scratch/eaguerov/supercompressible_oracle/lin_2f90d279b49d4baebc0b433b0d3e3be5/SUPERCOMPRESSIBLE_LIN_BUCKLE,False,False,/oscar/scratch/eaguerov/supercompressible_oracle/riks_f4695f71dd004ef08cf4fe9490873dbe/SUPERCOMPRESSIBLE_RIKS.odb,0.297641704667738,0.0072601945139467,False,False,0.0,0.0,D000,supercompressible-material,2026-08-04T01:31:17+00:00,740236.48,,,,,,,,,,,,,,,,,,,,
126,2.949034992197426,1,/oscar/scratch/eaguerov/supercompressible_oracle/lin_644d763be76542a2b4cb9c7f924cd078/SUPERCOMPRESSIBLE_LIN_BUCKLE,False,False,/oscar/scratch/eaguerov/supercompressible_oracle/riks_7445f999fd8d4964b75f4cc3f2922f0a/SUPERCOMPRESSIBLE_RIKS.odb,0.8550651967282865,0.0570955127477645,False,False,0.0,0.0,D000,supercompressible-material,2026-08-04T01:31:31+00:00,786099.557,,,,,,,,,,,,,,,,,,,,
127,1.2880940060904065,1,/oscar/scratch/eaguerov/supercompressible_oracle/lin_dfc1d30182a8467da47dc4f6b7d2170d/SUPERCOMPRESSIBLE_LIN_BUCKLE,False,False,/oscar/scratch/eaguerov/supercompressible_oracle/riks_c24c7b4c83d34568943ee64b33484793/SUPERCOMPRESSIBLE_RIKS.odb,1.0843949611498196,0.0335737690329551,True,True,0.0,0.0,D000,supercompressible-material,2026-08-04T01:31:31+00:00,547829.446,0.0910355225205421,,,,,,,,,,,,,,,,,,,
128,0.0352589738859877,1,/oscar/scratch/eaguerov/supercompressible_oracle/lin_216c9feb6f4e4f939aba41de98b262fa/SUPERCOMPRESSIBLE_LIN_BUCKLE,False,False,/oscar/scratch/eaguerov/supercompressible_oracle/riks_787127b691944a7395749bb1c5b8554b/SUPERCOMPRESSIBLE_RIKS.odb,1.0346745856682689,0.0203466992825269,True,True,0.0,0.0,D000,supercompressible-material,2026-08-04T01:31:39+00:00,250720.233,,,,,,,,,,,,,,,,,,,,
129,0.0052003347138799,1,/oscar/scratch/eaguerov/supercompressible_oracle/lin_0bbbcf7929d94197a9bf61f38a2856f0/SUPERCOMPRESSIBLE_LIN_BUCKLE,False,False,/oscar/scratch/eaguerov/supercompressible_oracle/riks_ba12bcb6e35e44aab7d0754aa3afcf9f/SUPERCOMPRESSIBLE_RIKS.odb,1.022314713862861,0.012367645278573,True,True,0.0,0.0,D000,supercompressible-material,2026-08-04T01:31:40+00:00,433937.421,,,,,,,,,,,,,,,,,,,,
130,0.0274357657099532,1,/oscar/scratch/eaguerov/supercompressible_oracle/lin_09b5f5e92fb44ee7a29865c9d0cbefe6/SUPERCOMPRESSIBLE_LIN_BUCKLE,False,False,/oscar/scratch/eaguerov/supercompressible_oracle/riks_b82b5876111f47ad943cbd7fab2cca44/SUPERCOMPRESSIBLE_RIKS.odb,1.073721648707677,0.0189832523465156,True,True,0.0,0.0,D000,supercompressible-material,2026-08-04T01:32:09+00:00,220101.073,,,,,,,,,,,,,,,,,,,,
131,4.975395727643438,1,/oscar/scratch/eaguerov/supercompressible_oracle/lin_7f830545cbb644d0bd61501521673373/SUPERCOMPRESSIBLE_LIN_BUCKLE,False,False,/oscar/scratch/eaguerov/supercompressible_oracle/riks_b1f757bbe0624d1ca41ba8a2dea235d7/SUPERCOMPRESSIBLE_RIKS.odb,1.0424399091919736,0.0793248862028122,True,True,0.0,0.0,D000,supercompressible-material,2026-08-04T01:32:09+00:00,582111.876,,,,,,,,,,,,,,,,,,,,
132,1.4283625626020633,1,/oscar/scratch/eaguerov/supercompressible_oracle/lin_13bb15bf8a8c464b8aa393fcaabfa2bf/SUPERCOMPRESSIBLE_LIN_BUCKLE,False,False,/oscar/scratch/eaguerov/supercompressible_oracle/riks_e5b8976221e44d3ebd0db5fe93c1439d/SUPERCOMPRESSIBLE_RIKS.odb,1.094533562695038,0.0290819071233272,True,True,0.0,0.0,D000,supercompressible-material,2026-08-04T01:32:09+00:00,632860.955,0.0364541672170162,,,,,,,,,,,,,,,,,,,
133,0.031933696608321,1,/oscar/scratch/eaguerov/supercompressible_oracle/lin_77f7988fe2444835900b7daf491ccce4/SUPERCOMPRESSIBLE_LIN_BUCKLE,False,False,/oscar/scratch/eaguerov/supercompressible_oracle/riks_a2c868f1adee42d3922933d3384477cb/SUPERCOMPRESSIBLE_RIKS.odb,1.0355466178899304,0.0197936855256557,True,True,0.0,0.0,D000,supercompressible-material,2026-08-04T01:32:09+00:00,226623.902,,,,,,,,,,,,,,,,,,,,
134,1.0827629088427824,1,/oscar/scratch/eaguerov/supercompressible_oracle/lin_77724eaedad14682af5f136168d0059d/SUPERCOMPRESSIBLE_LIN_BUCKLE,False,False,/oscar/scratch/eaguerov/supercompressible_oracle/riks_73fe809c5307407c8c273f19c4cf605c/SUPERCOMPRESSIBLE_RIKS.odb,1.0704593394354691,0.0459412299096584,True,True,0.0,0.0,D000,supercompressible-material,2026-08-04T01:32:09+00:00,786155.754,0.0863729491829872,,,,,,,,,,,,,,,,,,,
135,1.0561522023578174,1,/oscar/scratch/eaguerov/supercompressible_oracle/lin_7a48191b18ad489097bb31b67d05103f/SUPERCOMPRESSIBLE_LIN_BUCKLE,False,False,/oscar/scratch/eaguerov/supercompressible_oracle/riks_8cd52f87abb2483a992b918f5ef9afcf/SUPERCOMPRESSIBLE_RIKS.odb,0.8614753728582015,0.0601579174399375,False,False,0.0,1.0,D000,supercompressible-material,2026-08-04T01:32:09+00:00,789367.344,,,,,,,,,,,,,,,,,,,,
136,5.189724384340523,1,/oscar/scratch/eaguerov/supercompressible_oracle/lin_aab7e5164dd84af6832def2a82a9606d/SUPERCOMPRESSIBLE_LIN_BUCKLE,False,False,/oscar/scratch/eaguerov/supercompressible_oracle/riks_2ca7caf6a2a944c3b504f7283258f913/SUPERCOMPRESSIBLE_RIKS.odb,1.0293666133126076,0.0885557010769844,True,True,0.0,1.0,D000,supercompressible-material,2026-08-04T01:32:09+00:00,365198.721,0.0343302376568317,,,,,,,,,,,,,,,,,,,
137,0.9209766040251012,1,/oscar/scratch/eaguerov/supercompressible_oracle/lin_f22e952c00614862835d2b76dba5fcd5/SUPERCOMPRESSIBLE_LIN_BUCKLE,False,False,/oscar/scratch/eaguerov/supercompressible_oracle/riks_3991929c366a4f2eb99abdf41468bbd2/SUPERCOMPRESSIBLE_RIKS.odb,1.020939392119677,0.0210522431880235,True,True,0.0,0.0,D000,supercompressible-material,2026-08-04T01:32:09+00:00,515996.854,0.0792694762349128,,,,,,,,,,,,,,,,,,,
138,0.1024024124512333,1,/oscar/scratch/eaguerov/supercompressible_oracle/lin_39119f9cff4a498fb6c5ba7697fcfe8e/SUPERCOMPRESSIBLE_LIN_BUCKLE,False,False,/oscar/scratch/eaguerov/supercompressible_oracle/riks_a71ed568db3445068e556ffe2af3b54a/SUPERCOMPRESSIBLE_RIKS.odb,0.180794421601023,0.0119042331352829,False,False,0.0,0.0,D000,supercompressible-material,2026-08-04T01:32:13+00:00,336634.784,,,,,,,,,,,,,,,,,,,,
139,0.0294793151792532,1,/oscar/scratch/eaguerov/supercompressible_oracle/lin_49300323cb1a40d0b807b1b349df2d72/SUPERCOMPRESSIBLE_LIN_BUCKLE,False,False,/oscar/scratch/eaguerov/supercompressible_oracle/riks_fa63015628d04d15bd71655fc159263e/SUPERCOMPRESSIBLE_RIKS.odb,1.0525153807654908,0.0193509440869092,True,True,0.0,0.0,D000,supercompressible-material,2026-08-04T01:32:15+00:00,136028.017,,,,,,,,,,,,,,,,,,,,
140,0.0270627065233458,1,/oscar/scratch/eaguerov/supercompressible_oracle/lin_453d2d625fbf4f718e13eb48c5e74cfa/SUPERCOMPRESSIBLE_LIN_BUCKLE,False,False,/oscar/scratch/eaguerov/supercompressible_oracle/riks_ef5fbd4928764679bfa4ade1db49ec7c/SUPERCOMPRESSIBLE_RIKS.odb,1.0497160006258108,0.0189408957958221,True,True,0.0,0.0,D000,supercompressible-material,2026-08-04T01:32:15+00:00,192529.398,,,,,,,,,,,,,,,,,,,,
141,0.0331538845053589,1,/oscar/scratch/eaguerov/supercompressible_oracle/lin_3f5408cf371a453ea932709318d92095/SUPERCOMPRESSIBLE_LIN_BUCKLE,False,False,/oscar/scratch/eaguerov/supercompressible_oracle/riks_f547dfb6720848d8966bfd8fe85f8580/SUPERCOMPRESSIBLE_RIKS.odb,1.048328409772035,0.019991660490632,True,True,0.0,0.0,D000,supercompressible-material,2026-08-04T01:32:15+00:00,100787.885,,,,,,,,,,,,,,,,,,,,
142,0.0321556647022865,1,/oscar/scratch/eaguerov/supercompressible_oracle/lin_9d53ee5098e24b65bb5225eda302148b/SUPERCOMPRESSIBLE_LIN_BUCKLE,False,False,/oscar/scratch/eaguerov/supercompressible_oracle/riks_c988abefa8114e64ad7975c64bd7ab9c/SUPERCOMPRESSIBLE_RIKS.odb,1.0894942174067077,0.0198294725269079,True,True,0.0,0.0,D000,supercompressible-material,2026-08-04T01:32:19+00:00,76752.491,,,,,,,,,,,,,,,,,,,,
143,5.189724384340523,1,/oscar/scratch/eaguerov/supercompressible_oracle/lin_ca8851c79b2f4486a922dd83e110e347/SUPERCOMPRESSIBLE_LIN_BUCKLE,False,False,/oscar/scratch/eaguerov/supercompressible_oracle/riks_f1fc36702d764fe693ca4fd3084d1522/SUPERCOMPRESSIBLE_RIKS.odb,1.0293666133126076,0.0885557010769844,True,True,0.0,1.0,D000,supercompressible-material,2026-08-04T01:32:24+00:00,375240.397,0.0343302376568317,,,,,,,,,,,,,,,,,,,
144,4.156999789605833,1,/oscar/scratch/eaguerov/supercompressible_oracle/lin_852fda07e4d744f7b77f07d9f490face/SUPERCOMPRESSIBLE_LIN_BUCKLE,False,False,/oscar/scratch/eaguerov/supercompressible_oracle/riks_0f65fb3dc5a64f7aae7543369e1f5f2d/SUPERCOMPRESSIBLE_RIKS.odb,1.0014939140571446,0.0564737170934677,True,True,0.0,1.0,D000,supercompressible-material,2026-08-04T01:32:24+00:00,337219.634,0.0852750763297081,,,,,,,,,,,,,,,,,,,
145,4.756822939130568,1,/oscar/scratch/eaguerov/supercompressible_oracle/lin_5d182b02d3374086a1ddb494b31d880e/SUPERCOMPRESSIBLE_LIN_BUCKLE,False,False,/oscar/scratch/eaguerov/supercompressible_oracle/riks_338f272ea0284d539c0eaee99fd30c08/SUPERCOMPRESSIBLE_RIKS.odb,1.0585694902820135,0.04995833709836,True,True,0.0,0.0,D000,supercompressible-material,2026-08-04T01:32:26+00:00,732673.917,0.084279827773571,,,,,,,,,,,,,,,,,,,
146,0.9209766040251012,1,/oscar/scratch/eaguerov/supercompressible_oracle/lin_bd7c3c798ed04479b1c96671136611df/SUPERCOMPRESSIBLE_LIN_BUCKLE,False,False,/oscar/scratch/eaguerov/supercompressible_oracle/riks_d911c10532a84495b40303195745ef7a/SUPERCOMPRESSIBLE_RIKS.odb,1.020939392119677,0.0210522431880235,True,True,0.0,0.0,D000,supercompressible-material,2026-08-04T01:32:34+00:00,494030.4,0.0792694762349128,,,,,,,,,,,,,,,,,,,
147,3.503743020520379,1,/oscar/scratch/eaguerov/supercompressible_oracle/lin_51f2e8de4abf42819feae9dc14a155d3/SUPERCOMPRESSIBLE_LIN_BUCKLE,False,False,/oscar/scratch/eaguerov/supercompressible_oracle/riks_f8a0f8c194504146bee191b95205f261/SUPERCOMPRESSIBLE_RIKS.odb,0.850648405930489,0.0648275092244148,False,False,0.0,0.0,D000,supercompressible-material,2026-08-04T01:32:42+00:00,760709.757,,,,,,,,,,,,,,,,,,,,
148,11.995614164131544,1,/oscar/scratch/eaguerov/supercompressible_oracle/lin_23a5cec79cbd467eaec2983ded37a78b/SUPERCOMPRESSIBLE_LIN_BUCKLE,False,False,/oscar/scratch/eaguerov/supercompressible_oracle/riks_e8ded9edcf934fba9a71d392a1c63239/SUPERCOMPRESSIBLE_RIKS.odb,0.875166456121925,0.1026802361011505,False,False,0.0,0.0,D000,supercompressible-material,2026-08-04T01:32:47+00:00,553951.397,,,,,,,,,,,,,,,,,,,,
149,0.0321361416959339,1,/oscar/scratch/eaguerov/supercompressible_oracle/lin_9801a5af740d49c2a247a7fdc563cfc6/SUPERCOMPRESSIBLE_LIN_BUCKLE,False,False,/oscar/scratch/eaguerov/supercompressible_oracle/riks_bbeb74c2ca56423ab3b8876b9e6f97e8/SUPERCOMPRESSIBLE_RIKS.odb,1.036243221195598,0.0198566485196352,True,True,0.0,0.0,D000,supercompressible-material,2026-08-04T01:32:48+00:00,62851.221,,,,,,,,,,,,,,,,,,,,
150,0.8523914338820336,1,/oscar/scratch/eaguerov/supercompressible_oracle/lin_41b58ef4e665436c80685c9f754e2bbd/SUPERCOMPRESSIBLE_LIN_BUCKLE,False,False,/oscar/scratch/eaguerov/supercompressible_oracle/riks_571cbbdc07c245328cd6152b3adc3e7f/SUPERCOMPRESSIBLE_RIKS.odb,0.3767726135009775,0.0158784035593271,False,False,0.0,0.0,D000,supercompressible-material,2026-08-04T01:32:49+00:00,545718.467,0.0287908446043729,,,,,,,,,,,,,,,,,,,
151,0.0270627065233458,1,/oscar/scratch/eaguerov/supercompressible_oracle/lin_47f4615cfef5411e93b3f5bcd11569cf/SUPERCOMPRESSIBLE_LIN_BUCKLE,False,False,/oscar/scratch/eaguerov/supercompressible_oracle/riks_0030a3f77ece4a9399da7007bf25ebec/SUPERCOMPRESSIBLE_RIKS.odb,1.0496538302378815,0.0189416520297527,True,True,0.0,0.0,D000,supercompressible-material,2026-08-04T01:32:50+00:00,77038.537,,,,,,,,,,,,,,,,,,,,
152,0.0290786691358432,1,/oscar/scratch/eaguerov/supercompressible_oracle/lin_39e4a65b2d0049649143abfbe8e8cd66/SUPERCOMPRESSIBLE_LIN_BUCKLE,False,False,/oscar/scratch/eaguerov/supercompressible_oracle/riks_b90522b0d2284664aeb2a9ef1dfc4cf2/SUPERCOMPRESSIBLE_RIKS.odb,1.0492033090107522,0.0192851703613996,True,True,0.0,0.0,D000,supercompressible-material,2026-08-04T01:32:51+00:00,84261.534,,,,,,,,,,,,,,,,,,,,
153,0.7876684236913295,1,/oscar/scratch/eaguerov/supercompressible_oracle/lin_90ba1d04881746aca5425fea5718dab3/SUPERCOMPRESSIBLE_LIN_BUCKLE,False,False,/oscar/scratch/eaguerov/supercompressible_oracle/riks_8fedfaf1ca4c422eb539e8e1011ceba4/SUPERCOMPRESSIBLE_RIKS.odb,0.4204868076791732,0.0152988685294985,False,False,0.0,0.0,D000,supercompressible-material,2026-08-04T01:32:53+00:00,624918.086,0.0239158011972904,,,,,,,,,,,,,,,,,,,
154,0.0325800778838649,1,/oscar/scratch/eaguerov/supercompressible_oracle/lin_f332df380bdd46bf81ee45a9cb24a1b2/SUPERCOMPRESSIBLE_LIN_BUCKLE,False,False,/oscar/scratch/eaguerov/supercompressible_oracle/riks_9d6be0c2c0d44c459a895747422aa7dc/SUPERCOMPRESSIBLE_RIKS.odb,1.0439425808294975,0.0199099648743867,True,True,0.0,0.0,D000,supercompressible-material,2026-08-04T01:32:53+00:00,82294.315,,,,,,,,,,,,,,,,,,,,
155,0.0345294076268544,1,/oscar/scratch/eaguerov/supercompressible_oracle/lin_aa15be0e39c44b29bdf1c56269fd7673/SUPERCOMPRESSIBLE_LIN_BUCKLE,False,False,/oscar/scratch/eaguerov/supercompressible_oracle/riks_7733cba91e0542ee9dce2737854bd998/SUPERCOMPRESSIBLE_RIKS.odb,1.039264981123517,0.0202125962823629,True,True,0.0,0.0,D000,supercompressible-material,2026-08-04T01:32:59+00:00,64910.121,,,,,,,,,,,,,,,,,,,,
156,0.0350068724561301,1,/oscar/scratch/eaguerov/supercompressible_oracle/lin_1df587d119264842866735d6685b8cf6/SUPERCOMPRESSIBLE_LIN_BUCKLE,False,False,/oscar/scratch/eaguerov/supercompressible_oracle/riks_679ec256f051426494828f1e180ecd71/SUPERCOMPRESSIBLE_RIKS.odb,1.0817753695279482,0.0202777218073606,True,True,0.0,0.0,D000,supercompressible-material,2026-08-04T01:32:59+00:00,61758.95,,,,,,,,,,,,,,,,,,,,
157,0.7721773425637184,1,/oscar/scratch/eaguerov/supercompressible_oracle/lin_8c264b1a2a7747cab1e928dcda91d986/SUPERCOMPRESSIBLE_LIN_BUCKLE,False,False,/oscar/scratch/eaguerov/supercompressible_oracle/riks_8fc5932bb1834085869940111e5dc45f/SUPERCOMPRESSIBLE_RIKS.odb,0.5216829217288991,0.0150214796885848,False,False,0.0,0.0,D000,supercompressible-material,2026-08-04T01:33:05+00:00,879555.723,0.0155843552201986,,,,,,,,,,,,,,,,,,,
158,7.142025019601106,0,/oscar/scratch/eaguerov/supercompressible_oracle/lin_f9f7274eeb5f4317bfd56efd6dfa2a61/SUPERCOMPRESSIBLE_LIN_BUCKLE,,,,,,,,,,D000,supercompressible-material,2026-08-04T01:33:17+00:00,23455.03,,,,,,,,,,,,,,,,,,,,
159,1.2880940060904065,1,/oscar/scratch/eaguerov/supercompressible_oracle/lin_9086f1ac42e64486b28474be78e10f10/SUPERCOMPRESSIBLE_LIN_BUCKLE,False,False,/oscar/scratch/eaguerov/supercompressible_oracle/riks_7d7e5380b77f4727ab4714c94c189775/SUPERCOMPRESSIBLE_RIKS.odb,1.0843949611498196,0.0335737690329551,True,True,0.0,0.0,D000,supercompressible-material,2026-08-04T01:33:17+00:00,626917.783,0.0910355225205421,,,,,,,,,,,,,,,,,,,
160,4.756822939130568,1,/oscar/scratch/eaguerov/supercompressible_oracle/lin_7df001e830f6474aa31c1a1d74997bcb/SUPERCOMPRESSIBLE_LIN_BUCKLE,False,False,/oscar/scratch/eaguerov/supercompressible_oracle/riks_7550baed0ad54bb295b4904d1a68af58/SUPERCOMPRESSIBLE_RIKS.odb,1.0585694902820135,0.04995833709836,True,True,0.0,0.0,D000,supercompressible-material,2026-08-04T01:33:39+00:00,875973.311,0.084279827773571,,,,,,,,,,,,,,,,,,,
161,4.116341006810623,1,/oscar/scratch/eaguerov/supercompressible_oracle/lin_dac5113f067b4c3cbd8b2ee18e471a64/SUPERCOMPRESSIBLE_LIN_BUCKLE,False,False,/oscar/scratch/eaguerov/supercompressible_oracle/riks_c272a016ae004101827af618605db7b3/SUPERCOMPRESSIBLE_RIKS.odb,0.857772490613721,0.0718234255909919,False,False,0.0,0.0,D000,supercompressible-material,2026-08-04T01:33:39+00:00,767741.661,,,,,,,,,,,,,,,,,,,,
162,0.0290786691358432,1,/oscar/scratch/eaguerov/supercompressible_oracle/lin_5b77892cbb124bf9afccaf7ff1517471/SUPERCOMPRESSIBLE_LIN_BUCKLE,False,False,/oscar/scratch/eaguerov/supercompressible_oracle/riks_6478a4e2013e4fde9e4d44b3d708d949/SUPERCOMPRESSIBLE_RIKS.odb,1.0492675346181173,0.0192843973636627,True,True,0.0,0.0,D000,supercompressible-material,2026-08-04T01:33:39+00:00,76978.363,,,,,,,,,,,,,,,,,,,,
163,0.0345294076268544,1,/oscar/scratch/eaguerov/supercompressible_oracle/lin_8159568dd5d84b9c8e3735cd846be7fa/SUPERCOMPRESSIBLE_LIN_BUCKLE,False,False,/oscar/scratch/eaguerov/supercompressible_oracle/riks_23ab0c4b6d164a2c91a0b2a485ad8ca4/SUPERCOMPRESSIBLE_RIKS.odb,1.0393321696281856,0.0202134829014539,True,True,0.0,0.0,D000,supercompressible-material,2026-08-04T01:33:39+00:00,71616.284,,,,,,,,,,,,,,,,,,,,
164,0.0305717547086359,1,/oscar/scratch/eaguerov/supercompressible_oracle/lin_143f8e93c3b44e148d6bd2ddae6e51a9/SUPERCOMPRESSIBLE_LIN_BUCKLE,False,False,/oscar/scratch/eaguerov/supercompressible_oracle/riks_592be43941074f54badac59a6b56113f/SUPERCOMPRESSIBLE_RIKS.odb,1.0522748206655723,0.0195279382169246,True,True,0.0,0.0,D000,supercompressible-material,2026-08-04T01:34:01+00:00,90681.537,,,,,,,,,,,,,,,,,,,,
165,0.0345319541059439,1,/oscar/scratch/eaguerov/supercompressible_oracle/lin_b934902276fe4be8978798b9a0d9806e/SUPERCOMPRESSIBLE_LIN_BUCKLE,False,False,/oscar/scratch/eaguerov/supercompressible_oracle/riks_c54b4232ab374c54ae0bdbdf5ec2123e/SUPERCOMPRESSIBLE_RIKS.odb,1.0122323776742843,0.0202768109738826,True,True,0.0,0.0,D000,supercompressible-material,2026-08-04T01:34:01+00:00,76330.012,,,,,,,,,,,,,,,,,,,,
166,3.509472598471687,1,/oscar/scratch/eaguerov/supercompressible_oracle/lin_63748039103b4d73a25ff1a3aa3f1869/SUPERCOMPRESSIBLE_LIN_BUCKLE,False,False,/oscar/scratch/eaguerov/supercompressible_oracle/riks_81594bd25e7647ad9ace6be523c501ce/SUPERCOMPRESSIBLE_RIKS.odb,1.0041533735916384,0.0308624729514122,True,True,0.0,0.0,D000,supercompressible-material,2026-08-04T01:34:01+00:00,261075.29,0.1192781999707222,,,,,,,,,,,,,,,,,,,
167,4.156999789605833,1,/oscar/scratch/eaguerov/supercompressible_oracle/lin_68487078f25f4e3885fb597bd1e55c03/SUPERCOMPRESSIBLE_LIN_BUCKLE,False,False,/oscar/scratch/eaguerov/supercompressible_oracle/riks_aeb55da70d29468db98a306cbafee273/SUPERCOMPRESSIBLE_RIKS.odb,1.0014939140571446,0.0564737170934677,True,True,0.0,1.0,D000,supercompressible-material,2026-08-04T01:34:01+00:00,348487.782,0.0852750763297081,,,,,,,,,,,,,,,,,,,
168,0.0350102677615827,1,/oscar/scratch/eaguerov/supercompressible_oracle/lin_6b603de66d294fa1b6e5a95d5f8c9b1b/SUPERCOMPRESSIBLE_LIN_BUCKLE,False,False,/oscar/scratch/eaguerov/supercompressible_oracle/riks_23ff97f5362d4f558b7c0c19db92f018/SUPERCOMPRESSIBLE_RIKS.odb,1.0434667362015917,0.0203061364591121,True,True,0.0,0.0,D000,supercompressible-material,2026-08-04T01:34:01+00:00,84573.817,,,,,,,,,,,,,,,,,,,,
169,2.3508670540808465,1,/oscar/scratch/eaguerov/supercompressible_oracle/lin_f6c678f633ac499e9dc5294b8089523b/SUPERCOMPRESSIBLE_LIN_BUCKLE,False,False,/oscar/scratch/eaguerov/supercompressible_oracle/riks_5b76399b89284333ba9cf9fdcc3cd716/SUPERCOMPRESSIBLE_RIKS.odb,0.2536578516864486,0.0166046675294637,False,False,0.0,0.0,D000,supercompressible-material,2026-08-04T01:34:01+00:00,260377.821,0.0350731275975704,,,,,,,,,,,,,,,,,,,
170,0.0376110717382951,1,/oscar/scratch/eaguerov/supercompressible_oracle/lin_b281adf583d14437a85c422d19ea90ab/SUPERCOMPRESSIBLE_LIN_BUCKLE,False,False,/oscar/scratch/eaguerov/supercompressible_oracle/riks_24cca60ea4de4b33b0c4a0ffd93daeeb/SUPERCOMPRESSIBLE_RIKS.odb,1.0344132744872387,0.0206912215799093,True,True,0.0,0.0,D000,supercompressible-material,2026-08-04T01:34:01+00:00,82177.357,,,,,,,,,,,,,,,,,,,,
171,0.8523914338820336,1,/oscar/scratch/eaguerov/supercompressible_oracle/lin_4b5e5ca1d8234f0aad38c0a580c86510/SUPERCOMPRESSIBLE_LIN_BUCKLE,False,False,/oscar/scratch/eaguerov/supercompressible_oracle/riks_78c5cab868b14602b153df1d63355cea/SUPERCOMPRESSIBLE_RIKS.odb,0.3767726135009775,0.0158784035593271,False,False,0.0,0.0,D000,supercompressible-material,2026-08-04T01:34:01+00:00,573897.709,0.0287908446043729,,,,,,,,,,,,,,,,,,,
172,3.828206897837056,1,/oscar/scratch/eaguerov/supercompressible_oracle/lin_b9c9ebf2dacb415796c815f3e0ba5a4a/SUPERCOMPRESSIBLE_LIN_BUCKLE,False,False,/oscar/scratch/eaguerov/supercompressible_oracle/riks_522bb06ee41e467194b7003e505f3a59/SUPERCOMPRESSIBLE_RIKS.odb,0.1945968917146471,0.0170685667544603,False,False,0.0,0.0,D000,supercompressible-material,2026-08-04T01:34:24+00:00,351306.97,0.0315570645034313,,,,,,,,,,,,,,,,,,,
173,1.2258750336710147,1,/oscar/scratch/eaguerov/supercompressible_oracle/lin_dbccaec3df5e4136986294dfe13bcbd6/SUPERCOMPRESSIBLE_LIN_BUCKLE,False,False,/oscar/scratch/eaguerov/supercompressible_oracle/riks_1479827c102442ec91120e20aa64deca/SUPERCOMPRESSIBLE_RIKS.odb,0.3993741840005887,0.0157543718814849,False,False,0.0,0.0,D000,supercompressible-material,2026-08-04T01:34:24+00:00,511933.146,0.0579479336738586,,,,,,,,,,,,,,,,,,,
174,1.234448179938898,1,/oscar/scratch/eaguerov/supercompressible_oracle/lin_5d86b99cfe7940d79e7800b6c10eaa1a/SUPERCOMPRESSIBLE_LIN_BUCKLE,False,False,/oscar/scratch/eaguerov/supercompressible_oracle/riks_613d3f8085db472990f04e9a2ec0b2bd/SUPERCOMPRESSIBLE_RIKS.odb,0.3325557391397997,0.0147113809362053,False,False,0.0,0.0,D000,supercompressible-material,2026-08-04T01:34:24+00:00,370448.624,0.0190525706857442,,,,,,,,,,,,,,,,,,,
175,1.234448179938898,1,/oscar/scratch/eaguerov/supercompressible_oracle/lin_a4cd756859bd485091b2b1ab5429e02a/SUPERCOMPRESSIBLE_LIN_BUCKLE,False,False,/oscar/scratch/eaguerov/supercompressible_oracle/riks_f364518a30c7461b92d6ad435c7c830f/SUPERCOMPRESSIBLE_RIKS.odb,0.3325557391397997,0.0147113809362053,False,False,0.0,0.0,D000,supercompressible-material,2026-08-04T01:34:24+00:00,403097.242,0.0190525706857442,,,,,,,,,,,,,,,,,,,
176,1.2651756942851733,1,/oscar/scratch/eaguerov/supercompressible_oracle/lin_a7cf84807ee0423baaeeb0fe0b1b2ccc/SUPERCOMPRESSIBLE_LIN_BUCKLE,False,False,/oscar/scratch/eaguerov/supercompressible_oracle/riks_9c1eb5fb151c4b7f8154bd08dde06c94/SUPERCOMPRESSIBLE_RIKS.odb,0.5373159814546226,0.0211447365581989,False,False,0.0,0.0,D000,supercompressible-material,2026-08-04T01:34:24+00:00,716575.184,0.0518354400992393,,,,,,,,,,,,,,,,,,,
177,0.0350102677615827,1,/oscar/scratch/eaguerov/supercompressible_oracle/lin_b0ba948d7d7b4c449c56b1ef15756565/SUPERCOMPRESSIBLE_LIN_BUCKLE,False,False,/oscar/scratch/eaguerov/supercompressible_oracle/riks_9a26c736545a4f6382013c445aaa0a72/SUPERCOMPRESSIBLE_RIKS.odb,1.0434667362015917,0.0203061364591121,True,True,0.0,0.0,D000,supercompressible-material,2026-08-04T01:34:24+00:00,88607.278,,,,,,,,,,,,,,,,,,,,
178,1.014602151881293,1,/oscar/scratch/eaguerov/supercompressible_oracle/lin_c29b1793b4df47b589e4b22bbd7e4a57/SUPERCOMPRESSIBLE_LIN_BUCKLE,False,False,/oscar/scratch/eaguerov/supercompressible_oracle/riks_9b364ee234ce405e86eafbc41a9b36ad/SUPERCOMPRESSIBLE_RIKS.odb,1.0932576985179925,0.0256565436720848,True,True,0.0,0.0,D000,supercompressible-material,2026-08-04T01:34:24+00:00,208263.111,0.0617413818836212,,,,,,,,,,,,,,,,,,,
179,1.2654727835122783,1,/oscar/scratch/eaguerov/supercompressible_oracle/lin_5ddd7cfbaba849328dd17bf824f0158a/SUPERCOMPRESSIBLE_LIN_BUCKLE,False,False,/oscar/scratch/eaguerov/supercompressible_oracle/riks_fe51559120e1488d8721def5257a8831/SUPERCOMPRESSIBLE_RIKS.odb,0.3534740379423007,0.0167501922696828,False,False,0.0,0.0,D000,supercompressible-material,2026-08-04T01:34:45+00:00,282794.036,0.0385117046535015,,,,,,,,,,,,,,,,,,,
180,2.916906914351942,1,/oscar/scratch/eaguerov/supercompressible_oracle/lin_8b76532334a54f50b0056875f9a41635/SUPERCOMPRESSIBLE_LIN_BUCKLE,False,False,/oscar/scratch/eaguerov/supercompressible_oracle/riks_0868953922d442ff817487dcf5e50527/SUPERCOMPRESSIBLE_RIKS.odb,1.0040178697160809,0.0691746473312377,True,True,0.0,1.0,D000,supercompressible-material,2026-08-04T01:34:45+00:00,280382.96,0.129841461777687,,,,,,,,,,,,,,,,,,,
181,0.9776357637658156,1,/oscar/scratch/eaguerov/supercompressible_oracle/lin_b6525df17499420a97b50e282b7e09e6/SUPERCOMPRESSIBLE_LIN_BUCKLE,False,False,,,,False,False,,,D000,supercompressible-material,2026-08-04T01:35:11+00:00,372134.104,,,,,,,,,,,,,,,,,,,,
182,0.9637574527282023,1,/oscar/scratch/eaguerov/supercompressible_oracle/lin_57d7ec4dd1db43528afbd428c921fd2a/SUPERCOMPRESSIBLE_LIN_BUCKLE,False,False,/oscar/scratch/eaguerov/supercompressible_oracle/riks_98c29da026284445aa09d4b41667cf2f/SUPERCOMPRESSIBLE_RIKS.odb,1.0681437909768736,0.022190935909748,True,True,0.0,0.0,D000,supercompressible-material,2026-08-04T01:35:33+00:00,223876.889,0.0239467527717351,,,,,,,,,,,,,,,,,,,
183,0.0302220382470154,1,/oscar/scratch/eaguerov/supercompressible_oracle/lin_0a863552219b4bab9627bdfe414ce68f/SUPERCOMPRESSIBLE_LIN_BUCKLE,False,False,/oscar/scratch/eaguerov/supercompressible_oracle/riks_997ca9f43c1f4cfd86e1d3b46cfd2836/SUPERCOMPRESSIBLE_RIKS.odb,1.0326267852663946,0.0195262730121612,True,True,0.0,0.0,D000,supercompressible-material,2026-08-04T01:36:00+00:00,355239.565,,,,,,,,,,,,,,,,,,,,
184,0.0860327960377549,1,/oscar/scratch/eaguerov/supercompressible_oracle/lin_d71c263f9ca940b09f4cece9ab484eaa/SUPERCOMPRESSIBLE_LIN_BUCKLE,False,False,/oscar/scratch/eaguerov/supercompressible_oracle/riks_ee14babe72e9480bbb3fa937d04dc5ac/SUPERCOMPRESSIBLE_RIKS.odb,1.1414547117899805,0.0243868008255958,True,True,0.0,0.0,D000,supercompressible-material,2026-08-04T01:36:00+00:00,173521.348,,,,,,,,,,,,,,,,,,,,
185,2.464991758607275,1,/oscar/scratch/eaguerov/supercompressible_oracle/lin_d988e506c927407bb6c466f8257068eb/SUPERCOMPRESSIBLE_LIN_BUCKLE,False,False,/oscar/scratch/eaguerov/supercompressible_oracle/riks_a83c8fb6014b45359548c2271fdaa44b/SUPERCOMPRESSIBLE_RIKS.odb,0.1540413236720299,0.011052100919187,False,False,0.0,0.0,D000,supercompressible-material,2026-08-04T01:36:00+00:00,206667.33,0.0271299332380294,,,,,,,,,,,,,,,,,,,
186,0.1148844041214537,1,/oscar/scratch/eaguerov/supercompressible_oracle/lin_97c0fc62cfd045379a6f60ea07e684e3/SUPERCOMPRESSIBLE_LIN_BUCKLE,False,False,/oscar/scratch/eaguerov/supercompressible_oracle/riks_54a2ccda45be45118032b3af0dfea47f/SUPERCOMPRESSIBLE_RIKS.odb,1.013974049209972,0.0270449910312891,True,True,0.0,0.0,D000,supercompressible-material,2026-08-04T01:36:00+00:00,173540.674,,,,,,,,,,,,,,,,,,,,
187,0.0369209759050486,1,/oscar/scratch/eaguerov/supercompressible_oracle/lin_8412009dad574295ab2852cdceea8b11/SUPERCOMPRESSIBLE_LIN_BUCKLE,False,False,/oscar/scratch/eaguerov/supercompressible_oracle/riks_ae0d815e6ca247a380c04040aa649df3/SUPERCOMPRESSIBLE_RIKS.odb,1.1073281141339737,0.0177731215953826,True,True,0.0,0.0,D000,supercompressible-material,2026-08-04T01:36:26+00:00,198278.357,,,,,,,,,,,,,,,,,,,,
188,5.120120622561668,0,/oscar/scratch/eaguerov/supercompressible_oracle/lin_6db4aeab68174cc5979553ee3e1806c5/SUPERCOMPRESSIBLE_LIN_BUCKLE,,,,,,,,,,D000,supercompressible-material,2026-08-04T01:36:26+00:00,99866.433,,,,,,,,,,,,,,,,,,,,
189,1.2258750336710147,1,/oscar/scratch/eaguerov/supercompressible_oracle/lin_7d6860230dcc450e904d46d5df9f6ec0/SUPERCOMPRESSIBLE_LIN_BUCKLE,False,False,/oscar/scratch/eaguerov/supercompressible_oracle/riks_fc1a0943286b4c3db1c59a4e68dfa8d6/SUPERCOMPRESSIBLE_RIKS.odb,0.3993741840005887,0.0157543718814849,False,False,0.0,0.0,D000,supercompressible-material,2026-08-04T01:36:27+00:00,634221.207,0.0579479336738586,,,,,,,,,,,,,,,,,,,
190,0.0318861623319842,1,/oscar/scratch/eaguerov/supercompressible_oracle/lin_c1e697e16e4b4fcca586b3260451b221/SUPERCOMPRESSIBLE_LIN_BUCKLE,False,False,/oscar/scratch/eaguerov/supercompressible_oracle/riks_bc717da40cd140149931514be5e92ce1/SUPERCOMPRESSIBLE_RIKS.odb,0.4254885467745363,0.0109867937862873,False,False,0.0,0.0,D000,supercompressible-material,2026-08-04T01:36:46+00:00,219091.19,,,,,,,,,,,,,,,,,,,,
191,0.0370975317885852,1,/oscar/scratch/eaguerov/supercompressible_oracle/lin_0df222d30a5a422caf8b27277c3cba53/SUPERCOMPRESSIBLE_LIN_BUCKLE,False,False,,,,False,False,,,D000,supercompressible-material,2026-08-04T01:37:00+00:00,197687.108,,,,,,,,,,,,,,,,,,,,
192,0.166858042337543,1,/oscar/scratch/eaguerov/supercompressible_oracle/lin_d3c58ab769e14ea8b36247dc7e834051/SUPERCOMPRESSIBLE_LIN_BUCKLE,False,False,,,,False,False,,,D000,supercompressible-material,2026-08-04T01:37:00+00:00,232195.394,,,,,,,,,,,,,,,,,,,,
193,0.0313526749627402,1,/oscar/scratch/eaguerov/supercompressible_oracle/lin_7960029060594001845c356b02ca6af5/SUPERCOMPRESSIBLE_LIN_BUCKLE,False,False,,,,False,False,,,D000,supercompressible-material,2026-08-04T01:37:00+00:00,205627.474,,,,,,,,,,,,,,,,,,,,
194,0.0989561774168168,1,/oscar/scratch/eaguerov/supercompressible_oracle/lin_50234df119ee4ee1b3ca0236c6cb0bc7/SUPERCOMPRESSIBLE_LIN_BUCKLE,False,False,/oscar/scratch/eaguerov/supercompressible_oracle/riks_5a83472846c84fb889cdccca001110e5/SUPERCOMPRESSIBLE_RIKS.odb,0.2982437861580993,0.0120504265651106,False,False,0.0,0.0,D000,supercompressible-material,2026-08-04T01:37:17+00:00,249003.623,,,,,,,,,,,,,,,,,,,,
195,0.0370975317885852,1,/oscar/scratch/eaguerov/supercompressible_oracle/lin_c748750fd39d4ea18331322211a06fb7/SUPERCOMPRESSIBLE_LIN_BUCKLE,False,False,/oscar/scratch/eaguerov/supercompressible_oracle/riks_5188fae17e0f4a22919917bdfa5b35ef/SUPERCOMPRESSIBLE_RIKS.odb,1.0117469502958374,0.0206447690725326,True,True,0.0,0.0,D000,supercompressible-material,2026-08-04T01:37:17+00:00,208844.282,,,,,,,,,,,,,,,,,,,,
196,0.0350102677615827,1,/oscar/scratch/eaguerov/supercompressible_oracle/lin_5ec4fb03c9fc443f93c21dcb634c2881/SUPERCOMPRESSIBLE_LIN_BUCKLE,False,False,/oscar/scratch/eaguerov/supercompressible_oracle/riks_32f2dc512daf420fb8f984b245ccaf2f/SUPERCOMPRESSIBLE_RIKS.odb,1.043533603019285,0.0203071534633636,True,True,0.0,0.0,D000,supercompressible-material,2026-08-04T01:37:17+00:00,188447.978,,,,,,,,,,,,,,,,,,,,
197,0.0291847724312378,1,/oscar/scratch/eaguerov/supercompressible_oracle/lin_f904745c224943a697cca8d15bbbe3c0/SUPERCOMPRESSIBLE_LIN_BUCKLE,False,False,/oscar/scratch/eaguerov/supercompressible_oracle/riks_f8f4d70298284b1f875f9ccc742ad4d2/SUPERCOMPRESSIBLE_RIKS.odb,1.0622223851985104,0.0193552561104297,True,True,0.0,0.0,D000,supercompressible-material,2026-08-04T01:37:17+00:00,184504.629,,,,,,,,,,,,,,,,,,,,
198,0.0376110717382951,1,/oscar/scratch/eaguerov/supercompressible_oracle/lin_330e288aa9204eaa8e3c040143755a96/SUPERCOMPRESSIBLE_LIN_BUCKLE,False,False,/oscar/scratch/eaguerov/supercompressible_oracle/riks_a5b0cd01055149408de8956e2463dedc/SUPERCOMPRESSIBLE_RIKS.odb,1.0343447199253488,0.0206903889775276,True,True,0.0,0.0,D000,supercompressible-material,2026-08-04T01:37:17+00:00,234369.159,,,,,,,,,,,,,,,,,,,,
199,0.0356154809585135,1,/oscar/scratch/eaguerov/supercompressible_oracle/lin_fa2a8414bfaa4de3a11c46d11435b35b/SUPERCOMPRESSIBLE_LIN_BUCKLE,False,False,/oscar/scratch/eaguerov/supercompressible_oracle/riks_76e522a6eb36440ca4ebe1b72dcd2172/SUPERCOMPRESSIBLE_RIKS.odb,1.0347163294331272,0.020387478172779,True,True,0.0,0.0,D000,supercompressible-material,2026-08-04T01:37:17+00:00,174027.609,,,,,,,,,,,,,,,,,,,,
200,0.115389455807532,1,/oscar/scratch/eaguerov/supercompressible_oracle/lin_b02b480ef49c49d5ba973ca0087f75d3/SUPERCOMPRESSIBLE_LIN_BUCKLE,False,False,/oscar/scratch/eaguerov/supercompressible_oracle/riks_819986985ad34e6eaf01ff84216c8dd1/SUPERCOMPRESSIBLE_RIKS.odb,0.2531540653579833,0.0118790054693818,False,False,0.0,0.0,D000,supercompressible-material,2026-08-04T01:37:17+00:00,250605.561,,,,,,,,,,,,,,,,,,,,
201,0.0345319541059439,1,/oscar/scratch/eaguerov/supercompressible_oracle/lin_dc93dbc74f4746eab5f4b1af3589d485/SUPERCOMPRESSIBLE_LIN_BUCKLE,False,False,/oscar/scratch/eaguerov/supercompressible_oracle/riks_7ab754c50ff54a698e6f33046bd282d1/SUPERCOMPRESSIBLE_RIKS.odb,1.0122323776742843,0.0202768109738826,True,True,0.0,0.0,D000,supercompressible-material,2026-08-04T01:37:23+00:00,245471.336,,,,,,,,,,,,,,,,,,,,
202,0.032903056315046,1,/oscar/scratch/eaguerov/supercompressible_oracle/lin_20d4f314a1b242fe88730f61cce59543/SUPERCOMPRESSIBLE_LIN_BUCKLE,False,False,/oscar/scratch/eaguerov/supercompressible_oracle/riks_7a93db967094436e98f4d9f94327ffce/SUPERCOMPRESSIBLE_RIKS.odb,1.0308234530499174,0.0199588723480701,True,True,0.0,0.0,D000,supercompressible-material,2026-08-04T01:37:23+00:00,140850.965,,,,,,,,,,,,,,,,,,,,
203,0.0327922844746541,1,/oscar/scratch/eaguerov/supercompressible_oracle/lin_ed178f3309a64cefaf1d5826601af50c/SUPERCOMPRESSIBLE_LIN_BUCKLE,False,False,/oscar/scratch/eaguerov/supercompressible_oracle/riks_0883c9831b184404a095b22d58372e82/SUPERCOMPRESSIBLE_RIKS.odb,1.0483544229001855,0.0199320912361145,True,True,0.0,0.0,D000,supercompressible-material,2026-08-04T01:37:23+00:00,154615.3,,,,,,,,,,,,,,,,,,,,
204,0.0086928307850885,1,/oscar/scratch/eaguerov/supercompressible_oracle/lin_561d7db9378d49279189ac2129226b2a/SUPERCOMPRESSIBLE_LIN_BUCKLE,False,False,/oscar/scratch/eaguerov/supercompressible_oracle/riks_9155f7573ba04fada22e5e7603b52fbc/SUPERCOMPRESSIBLE_RIKS.odb,0.5479438479744658,0.0107755251228809,False,False,0.0,0.0,D000,supercompressible-material,2026-08-04T01:37:24+00:00,257853.052,,,,,,,,,,,,,,,,,,,,
205,0.2513077772080106,1,/oscar/scratch/eaguerov/supercompressible_oracle/lin_28dc18c6da3e40a09e3ab78240674bf8/SUPERCOMPRESSIBLE_LIN_BUCKLE,False,False,/oscar/scratch/eaguerov/supercompressible_oracle/riks_e1ecfa1f5daf45a38679fe580f39f7e1/SUPERCOMPRESSIBLE_RIKS.odb,1.0449026964653378,0.0262671317905187,True,True,0.0,0.0,D000,supercompressible-material,2026-08-04T01:37:25+00:00,253891.693,,,,,,,,,,,,,,,,,,,,
206,0.7829149960576516,1,/oscar/scratch/eaguerov/supercompressible_oracle/lin_29858119bb9f4743b25b9089d23667c1/SUPERCOMPRESSIBLE_LIN_BUCKLE,False,False,/oscar/scratch/eaguerov/supercompressible_oracle/riks_13f34763c71749e6b2105b83d57f9cc5/SUPERCOMPRESSIBLE_RIKS.odb,0.5325339265008602,0.0155768664553761,False,False,0.0,0.0,D000,supercompressible-material,2026-08-04T01:37:35+00:00,287359.16,0.0088967708870768,,,,,,,,,,,,,,,,,,,
207,0.0365538585029833,1,/oscar/scratch/eaguerov/supercompressible_oracle/lin_c497c8f523fa4cc58459e0e4fb6ed6a6/SUPERCOMPRESSIBLE_LIN_BUCKLE,False,False,/oscar/scratch/eaguerov/supercompressible_oracle/riks_4595fbdd034747db881deef863fd9d0f/SUPERCOMPRESSIBLE_RIKS.odb,1.0477069122048188,0.020520506426692,True,True,0.0,0.0,D000,supercompressible-material,2026-08-04T01:37:38+00:00,133253.402,,,,,,,,,,,,,,,,,,,,
208,0.0362177232631732,1,/oscar/scratch/eaguerov/supercompressible_oracle/lin_60a17de275a24087912dbd11fb824026/SUPERCOMPRESSIBLE_LIN_BUCKLE,False,False,/oscar/scratch/eaguerov/supercompressible_oracle/riks_5336b9002fdb43bc9a862f660cde0927/SUPERCOMPRESSIBLE_RIKS.odb,1.0482777715871217,0.0204712934792041,True,True,0.0,0.0,D000,supercompressible-material,2026-08-04T01:37:45+00:00,78556.527,,,,,,,,,,,,,,,,,,,,
209,0.0318475407324606,1,/oscar/scratch/eaguerov/supercompressible_oracle/lin_0f3b2c3aba3149c79a1a697e9ea72046/SUPERCOMPRESSIBLE_LIN_BUCKLE,False,False,/oscar/scratch/eaguerov/supercompressible_oracle/riks_fe0ff27a8e014f73ac21a5e6ee7090c7/SUPERCOMPRESSIBLE_RIKS.odb,1.0145233662580415,0.0198285169899463,True,True,0.0,0.0,D000,supercompressible-material,2026-08-04T01:37:46+00:00,274295.969,,,,,,,,,,,,,,,,,,,,
210,3.2060171736431395,1,/oscar/scratch/eaguerov/supercompressible_oracle/lin_364f21b6dcdc4f6a95b429ab424359e1/SUPERCOMPRESSIBLE_LIN_BUCKLE,False,False,/oscar/scratch/eaguerov/supercompressible_oracle/riks_9fb1e2fc16124cb7922403c89c2f8dcc/SUPERCOMPRESSIBLE_RIKS.odb,1.0287594215661016,0.0487351864576339,True,True,0.0,0.0,D000,supercompressible-material,2026-08-04T01:37:53+00:00,209831.79,0.0375843346118927,,,,,,,,,,,,,,,,,,,
211,0.0345319541059439,1,/oscar/scratch/eaguerov/supercompressible_oracle/lin_f7601c6c16f840459084e9c3da4dba64/SUPERCOMPRESSIBLE_LIN_BUCKLE,False,False,/oscar/scratch/eaguerov/supercompressible_oracle/riks_3f9383b5b1cf49e581eb784e127d698f/SUPERCOMPRESSIBLE_RIKS.odb,1.012167037863245,0.0202764011919498,True,True,0.0,0.0,D000,supercompressible-material,2026-08-04T01:37:56+00:00,265859.516,,,,,,,,,,,,,,,,,,,,
212,0.1072110137985164,1,/oscar/scratch/eaguerov/supercompressible_oracle/lin_4787070ba6b34837941adab4c6614d38/SUPERCOMPRESSIBLE_LIN_BUCKLE,False,False,/oscar/scratch/eaguerov/supercompressible_oracle/riks_6589b8e5645b4570885b0fcb879cccb0/SUPERCOMPRESSIBLE_RIKS.odb,0.3414706663885446,0.0146807450801134,False,False,0.0,0.0,D000,supercompressible-material,2026-08-04T01:38:01+00:00,292700.362,,,,,,,,,,,,,,,,,,,,
213,0.0135778265050557,1,/oscar/scratch/eaguerov/supercompressible_oracle/lin_1842c7ecc0f44609a279bf54203662c1/SUPERCOMPRESSIBLE_LIN_BUCKLE,False,False,/oscar/scratch/eaguerov/supercompressible_oracle/riks_b5894145f20f49dd8c2ad6f475777223/SUPERCOMPRESSIBLE_RIKS.odb,1.0238308109401,0.0152683090418577,True,True,0.0,0.0,D000,supercompressible-material,2026-08-04T01:38:04+00:00,104920.737,,,,,,,,,,,,,,,,,,,,
214,0.3431125925152317,1,/oscar/scratch/eaguerov/supercompressible_oracle/lin_150d064f09104333b4e54c73d110f887/SUPERCOMPRESSIBLE_LIN_BUCKLE,False,False,/oscar/scratch/eaguerov/supercompressible_oracle/riks_c9c86e1cee014fe19cf1840c77e3ca54/SUPERCOMPRESSIBLE_RIKS.odb,1.0328710321043677,0.0308750979602336,True,True,0.0,0.0,D000,supercompressible-material,2026-08-04T01:38:08+00:00,301462.858,,,,,,,,,,,,,,,,,,,,
215,0.0139627692607473,1,/oscar/scratch/eaguerov/supercompressible_oracle/lin_9a3410c31ab54bf1b59050545ae1b73a/SUPERCOMPRESSIBLE_LIN_BUCKLE,False,False,/oscar/scratch/eaguerov/supercompressible_oracle/riks_2bc9802704cb42369e0a96bb52794e8a/SUPERCOMPRESSIBLE_RIKS.odb,0.5199153238374744,0.009169602766633,False,False,0.0,0.0,D000,supercompressible-material,2026-08-04T01:38:12+00:00,305460.048,,,,,,,,,,,,,,,,,,,,
216,0.0355038602917584,1,/oscar/scratch/eaguerov/supercompressible_oracle/lin_4f02b71a5d534c54bc77570a2bbe02fc/SUPERCOMPRESSIBLE_LIN_BUCKLE,False,False,/oscar/scratch/eaguerov/supercompressible_oracle/riks_b778a20158c640e78e41a1582a6d7112/SUPERCOMPRESSIBLE_RIKS.odb,1.018908805885078,0.0192649569362401,True,True,0.0,0.0,D000,supercompressible-material,2026-08-04T01:38:12+00:00,304297.308,,,,,,,,,,,,,,,,,,,,
217,1.7986206222110486,1,/oscar/scratch/eaguerov/supercompressible_oracle/lin_71f67d3b70b24cd4b68b078aa357c8b6/SUPERCOMPRESSIBLE_LIN_BUCKLE,False,False,/oscar/scratch/eaguerov/supercompressible_oracle/riks_96158562dbeb447195d90e2b64cd62b5/SUPERCOMPRESSIBLE_RIKS.odb,1.028271607614095,0.0613352805376052,True,True,0.0,1.0,D000,supercompressible-material,2026-08-04T01:38:18+00:00,235188.875,0.0686599984765052,,,,,,,,,,,,,,,,,,,
218,0.0037240304382868,1,/oscar/scratch/eaguerov/supercompressible_oracle/lin_3e3f31cd9da54d358016e59648b0f8e2/SUPERCOMPRESSIBLE_LIN_BUCKLE,False,False,/oscar/scratch/eaguerov/supercompressible_oracle/riks_922aab73db6e4d8687b8de7adb19499d/SUPERCOMPRESSIBLE_RIKS.odb,1.0243705735479722,0.0101984720677137,True,True,0.0,0.0,D000,supercompressible-material,2026-08-04T01:38:19+00:00,307385.639,,,,,,,,,,,,,,,,,,,,
219,0.139131129185027,1,/oscar/scratch/eaguerov/supercompressible_oracle/lin_d960e80b65ed4d2397f630888671e22b/SUPERCOMPRESSIBLE_LIN_BUCKLE,False,False,/oscar/scratch/eaguerov/supercompressible_oracle/riks_37b1c20f454b4de6a0c460e47c86ec4e/SUPERCOMPRESSIBLE_RIKS.odb,1.0794050920275202,0.0297112893313169,True,True,0.0,0.0,D000,supercompressible-material,2026-08-04T01:38:21+00:00,70389.64,,,,,,,,,,,,,,,,,,,,
220,0.0304906917909545,1,/oscar/scratch/eaguerov/supercompressible_oracle/lin_2c43b6eef5174400af2661db4f8237c7/SUPERCOMPRESSIBLE_LIN_BUCKLE,False,False,/oscar/scratch/eaguerov/supercompressible_oracle/riks_a70ac7452c24454c897799479351c046/SUPERCOMPRESSIBLE_RIKS.odb,1.052341891055382,0.0195680763572454,True,True,0.0,0.0,D000,supercompressible-material,2026-08-04T01:38:22+00:00,190236.607,,,,,,,,,,,,,,,,,,,,
221,2.25949089608702,1,/oscar/scratch/eaguerov/supercompressible_oracle/lin_ea00404347e44229ab5313874d25e59f/SUPERCOMPRESSIBLE_LIN_BUCKLE,False,False,/oscar/scratch/eaguerov/supercompressible_oracle/riks_52324444382f44889fabc3bb5121b5b5/SUPERCOMPRESSIBLE_RIKS.odb,1.0716434865264972,0.0299817863851785,True,True,0.0,0.0,D000,supercompressible-material,2026-08-04T01:38:23+00:00,217188.72,0.0765744447708129,,,,,,,,,,,,,,,,,,,
222,0.2064175949924646,1,/oscar/scratch/eaguerov/supercompressible_oracle/lin_51b4e87154ff44108c30d77d67960b91/SUPERCOMPRESSIBLE_LIN_BUCKLE,False,False,/oscar/scratch/eaguerov/supercompressible_oracle/riks_dc35bebcf66042a1acddf34a4ca07275/SUPERCOMPRESSIBLE_RIKS.odb,1.0384412828900418,0.0292315892875194,True,True,0.0,0.0,D000,supercompressible-material,2026-08-04T01:38:24+00:00,122457.13,,,,,,,,,,,,,,,,,,,,
223,0.0332298544648614,1,/oscar/scratch/eaguerov/supercompressible_oracle/lin_ac34efb200f64c63ba2c4cb598e0396d/SUPERCOMPRESSIBLE_LIN_BUCKLE,False,False,/oscar/scratch/eaguerov/supercompressible_oracle/riks_622337e613484b938e86aff7fd53ed97/SUPERCOMPRESSIBLE_RIKS.odb,1.0689884304184527,0.0199914686381816,True,True,0.0,0.0,D000,supercompressible-material,2026-08-04T01:38:26+00:00,54233.184,,,,,,,,,,,,,,,,,,,,
224,1.5806420121523888,1,/oscar/scratch/eaguerov/supercompressible_oracle/lin_a9ce76fab04545f6a01ecc3e68ea7acc/SUPERCOMPRESSIBLE_LIN_BUCKLE,False,False,/oscar/scratch/eaguerov/supercompressible_oracle/riks_60e5a01d0e4d467c8bc19335a1c056df/SUPERCOMPRESSIBLE_RIKS.odb,1.0218631701936216,0.0535897798836231,True,True,0.0,0.0,D000,supercompressible-material,2026-08-04T01:38:32+00:00,203094.703,0.0777820572257042,,,,,,,,,,,,,,,,,,,
225,0.0321959839545364,1,/oscar/scratch/eaguerov/supercompressible_oracle/lin_c06ef5b39dc64fdba20f05cbf8f31042/SUPERCOMPRESSIBLE_LIN_BUCKLE,False,False,/oscar/scratch/eaguerov/supercompressible_oracle/riks_0d4b3b933ed5447588437487d4007678/SUPERCOMPRESSIBLE_RIKS.odb,1.0485379665960315,0.0198231283575296,True,True,0.0,0.0,D000,supercompressible-material,2026-08-04T01:38:32+00:00,236521.566,,,,,,,,,,,,,,,,,,,,
226,0.0366650547565569,1,/oscar/scratch/eaguerov/supercompressible_oracle/lin_ab59e5a9e01a49a7a4074b55f7d4a1e4/SUPERCOMPRESSIBLE_LIN_BUCKLE,False,False,/oscar/scratch/eaguerov/supercompressible_oracle/riks_0530441997c44406b55323377b9897bd/SUPERCOMPRESSIBLE_RIKS.odb,1.047453589837788,0.0205346494913101,True,True,0.0,0.0,D000,supercompressible-material,2026-08-04T01:38:37+00:00,51961.423,,,,,,,,,,,,,,,,,,,,
227,0.0113233436845113,1,/oscar/scratch/eaguerov/supercompressible_oracle/lin_657eb5fde8fc4086b469e18e93e025f5/SUPERCOMPRESSIBLE_LIN_BUCKLE,False,False,/oscar/scratch/eaguerov/supercompressible_oracle/riks_50419dd2e3964a078c81166f58830c32/SUPERCOMPRESSIBLE_RIKS.odb,1.0942344966583526,0.013228952884674,True,True,0.0,0.0,D000,supercompressible-material,2026-08-04T01:38:41+00:00,330816.7,,,,,,,,,,,,,,,,,,,,
228,1.0330216839617954,1,/oscar/scratch/eaguerov/supercompressible_oracle/lin_c664271accf24325a769300ccd11a3ca/SUPERCOMPRESSIBLE_LIN_BUCKLE,False,False,/oscar/scratch/eaguerov/supercompressible_oracle/riks_7373e428af6a4e49b65aedaa754c739f/SUPERCOMPRESSIBLE_RIKS.odb,1.1112947201814456,0.0293855909258127,True,True,0.0,1.0,D000,supercompressible-material,2026-08-04T01:38:49+00:00,220694.585,0.0851204171776771,,,,,,,,,,,,,,,,,,,
229,0.0325639501829649,1,/oscar/scratch/eaguerov/supercompressible_oracle/lin_2f8d8fd8f4cb49749fb7440484010780/SUPERCOMPRESSIBLE_LIN_BUCKLE,False,False,/oscar/scratch/eaguerov/supercompressible_oracle/riks_32ad3ca6d8dc482599488a6d3e8121bc/SUPERCOMPRESSIBLE_RIKS.odb,1.0484310682995874,0.0199084039777517,True,True,0.0,0.0,D000,supercompressible-material,2026-08-04T01:38:59+00:00,50739.803,,,,,,,,,,,,,,,,,,,,
230,0.1000851164798153,1,/oscar/scratch/eaguerov/supercompressible_oracle/lin_ae9a0a4459a44e6cb27b2fff1030ad5e/SUPERCOMPRESSIBLE_LIN_BUCKLE,False,False,/oscar/scratch/eaguerov/supercompressible_oracle/riks_0171b31b6bba42ceb6e7adc329722312/SUPERCOMPRESSIBLE_RIKS.odb,0.3828443017940835,0.0154004301875829,False,False,0.0,0.0,D000,supercompressible-material,2026-08-04T01:39:03+00:00,129878.7,,,,,,,,,,,,,,,,,,,,
231,0.0688228415247513,1,/oscar/scratch/eaguerov/supercompressible_oracle/lin_7f6e29d5ae3141a8956b119f5c68420f/SUPERCOMPRESSIBLE_LIN_BUCKLE,False,False,/oscar/scratch/eaguerov/supercompressible_oracle/riks_052884f1454c49cf966f493f01f19ff3/SUPERCOMPRESSIBLE_RIKS.odb,1.0235933587361534,0.0198091845959424,True,True,0.0,0.0,D000,supercompressible-material,2026-08-04T01:39:09+00:00,52360.345,,,,,,,,,,,,,,,,,,,,
232,1.5272932752279855,1,/oscar/scratch/eaguerov/supercompressible_oracle/lin_b3fbb3be9f8e45aca8cac11df54f653c/SUPERCOMPRESSIBLE_LIN_BUCKLE,False,False,/oscar/scratch/eaguerov/supercompressible_oracle/riks_e51544778c9b42e38310c37165ad2e39/SUPERCOMPRESSIBLE_RIKS.odb,0.2851348420450647,0.0120580764487385,False,False,0.0,0.0,D000,supercompressible-material,2026-08-04T01:39:09+00:00,262880.039,0.044202085584402,,,,,,,,,,,,,,,,,,,
233,0.0498558164400131,1,/oscar/scratch/eaguerov/supercompressible_oracle/lin_24daa57fec724bdc996bfe372f0134d7/SUPERCOMPRESSIBLE_LIN_BUCKLE,False,False,/oscar/scratch/eaguerov/supercompressible_oracle/riks_f482c3f199b44ce99758d6d100293b4d/SUPERCOMPRESSIBLE_RIKS.odb,0.4009255558807001,0.0116027556359767,False,False,0.0,0.0,D000,supercompressible-material,2026-08-04T01:39:19+00:00,106911.251,,,,,,,,,,,,,,,,,,,,
234,0.0328185980919119,1,/oscar/scratch/eaguerov/supercompressible_oracle/lin_6c4b9e027c9548f5b3c252feee1f060d/SUPERCOMPRESSIBLE_LIN_BUCKLE,False,False,/oscar/scratch/eaguerov/supercompressible_oracle/riks_32792b3c4bfa4b08b18adfb4245379f6/SUPERCOMPRESSIBLE_RIKS.odb,1.0309019107513262,0.0199456457048654,True,True,0.0,0.0,D000,supercompressible-material,2026-08-04T01:39:21+00:00,51866.338,,,,,,,,,,,,,,,,,,,,
235,1.2087711824534055,1,/oscar/scratch/eaguerov/supercompressible_oracle/lin_a614f7a6487043f9bd05ffaf1be1ce33/SUPERCOMPRESSIBLE_LIN_BUCKLE,False,False,/oscar/scratch/eaguerov/supercompressible_oracle/riks_a737c55e1095474ebd56cce9f523539a/SUPERCOMPRESSIBLE_RIKS.odb,1.059251153166739,0.0235764607787132,True,True,0.0,0.0,D000,supercompressible-material,2026-08-04T01:39:39+00:00,200824.265,0.0269958674907684,,,,,,,,,,,,,,,,,,,
236,0.0323699933589836,1,/oscar/scratch/eaguerov/supercompressible_oracle/lin_db3c30d80c9e4e66a1a2fd464fdc6d21/SUPERCOMPRESSIBLE_LIN_BUCKLE,False,False,/oscar/scratch/eaguerov/supercompressible_oracle/riks_dc4b1e5c70c346dda45b26d269bac10a/SUPERCOMPRESSIBLE_RIKS.odb,1.0439241133002688,0.0198781192302703,True,True,0.0,0.0,D000,supercompressible-material,2026-08-04T01:39:42+00:00,50655.124,,,,,,,,,,,,,,,,,,,,
237,0.0868773782690959,1,/oscar/scratch/eaguerov/supercompressible_oracle/lin_f47833c194bb40d0abd18fcc02f239f9/SUPERCOMPRESSIBLE_LIN_BUCKLE,False,False,/oscar/scratch/eaguerov/supercompressible_oracle/riks_90cfddc0c85d4c80aaad28b1c506a353/SUPERCOMPRESSIBLE_RIKS.odb,0.3995901525968251,0.0135362884029746,False,False,0.0,0.0,D000,supercompressible-material,2026-08-04T01:39:49+00:00,108020.071,,,,,,,,,,,,,,,,,,,,
238,0.0839192183934945,1,/oscar/scratch/eaguerov/supercompressible_oracle/lin_143d145449fd41f3b29d2777f5b7bae5/SUPERCOMPRESSIBLE_LIN_BUCKLE,False,False,/oscar/scratch/eaguerov/supercompressible_oracle/riks_d89eae8fc6804ba4ae26f211d81eb724/SUPERCOMPRESSIBLE_RIKS.odb,1.001923402340726,0.0255388412624597,True,True,0.0,0.0,D000,supercompressible-material,2026-08-04T01:39:51+00:00,58526.74,,,,,,,,,,,,,,,,,,,,
239,0.0181945930942654,1,/oscar/scratch/eaguerov/supercompressible_oracle/lin_83f290f5ae054292b8e7a4b8e728f233/SUPERCOMPRESSIBLE_LIN_BUCKLE,False,False,/oscar/scratch/eaguerov/supercompressible_oracle/riks_7e2c07015b5a43e887c77585d46591c3/SUPERCOMPRESSIBLE_RIKS.odb,0.5730656510643217,0.0110373925417661,False,False,0.0,0.0,D000,supercompressible-material,2026-08-04T01:39:54+00:00,406000.261,,,,,,,,,,,,,,,,,,,,
240,0.0320809679823287,1,/oscar/scratch/eaguerov/supercompressible_oracle/lin_a2b137ae1b654800a3dd9c6ed331b4df/SUPERCOMPRESSIBLE_LIN_BUCKLE,False,False,/oscar/scratch/eaguerov/supercompressible_oracle/riks_99e6dba70a0b4544868c3641df3c1e4c/SUPERCOMPRESSIBLE_RIKS.odb,1.0520637961316504,0.0198379512876272,True,True,0.0,0.0,D000,supercompressible-material,2026-08-04T01:39:59+00:00,50702.693,,,,,,,,,,,,,,,,,,,,
241,1.1081852584193277,1,/oscar/scratch/eaguerov/supercompressible_oracle/lin_ef74f6be94024ceeaec65ac1a75ecd1f/SUPERCOMPRESSIBLE_LIN_BUCKLE,False,False,/oscar/scratch/eaguerov/supercompressible_oracle/riks_b95cf3934ff14757ac594b1aa3fee815/SUPERCOMPRESSIBLE_RIKS.odb,1.0623843163323137,0.0425201393663883,True,True,0.0,0.0,D000,supercompressible-material,2026-08-04T01:40:00+00:00,267787.118,0.0562847331166267,,,,,,,,,,,,,,,,,,,
242,0.7944590345965837,1,/oscar/scratch/eaguerov/supercompressible_oracle/lin_50f21df1858b44c58437293235766d9f/SUPERCOMPRESSIBLE_LIN_BUCKLE,False,False,/oscar/scratch/eaguerov/supercompressible_oracle/riks_ea072a20684547aaac4ca189fab21246/SUPERCOMPRESSIBLE_RIKS.odb,0.5541460667388859,0.0160087570548057,False,False,0.0,0.0,D000,supercompressible-material,2026-08-04T01:40:05+00:00,389843.895,0.0381292328238487,,,,,,,,,,,,,,,,,,,
243,0.0324277135516782,1,/oscar/scratch/eaguerov/supercompressible_oracle/lin_e3bbd55b975a43b9af7e7433d88f97d9/SUPERCOMPRESSIBLE_LIN_BUCKLE,False,False,/oscar/scratch/eaguerov/supercompressible_oracle/riks_f245888003c84fe5b51292793217eb65/SUPERCOMPRESSIBLE_RIKS.odb,1.043293919966672,0.019870962947607,True,True,0.0,0.0,D000,supercompressible-material,2026-08-04T01:40:23+00:00,52801.221,,,,,,,,,,,,,,,,,,,,
244,0.0326157285911175,1,/oscar/scratch/eaguerov/supercompressible_oracle/lin_d206c4dee10c49c2bf9bc9a6445e33e6/SUPERCOMPRESSIBLE_LIN_BUCKLE,False,False,/oscar/scratch/eaguerov/supercompressible_oracle/riks_1233f26388dd4064af1e7160bffbb47f/SUPERCOMPRESSIBLE_RIKS.odb,1.014443600931583,0.0199622567743062,True,True,0.0,0.0,D000,supercompressible-material,2026-08-04T01:40:26+00:00,39384.937,,,,,,,,,,,,,,,,,,,,
245,0.7790103947871304,1,/oscar/scratch/eaguerov/supercompressible_oracle/lin_7b858d9430084c6f98ac702f39260a0d/SUPERCOMPRESSIBLE_LIN_BUCKLE,False,False,/oscar/scratch/eaguerov/supercompressible_oracle/riks_d9bd213b52ac4636864ec8808cb10c91/SUPERCOMPRESSIBLE_RIKS.odb,0.4821532496085934,0.0146593824028968,False,False,0.0,0.0,D000,supercompressible-material,2026-08-04T01:40:35+00:00,347993.869,0.0298149809241294,,,,,,,,,,,,,,,,,,,
246,0.154643430971717,1,/oscar/scratch/eaguerov/supercompressible_oracle/lin_cd5e2534a4ec43f6a7295930d4b816fb/SUPERCOMPRESSIBLE_LIN_BUCKLE,False,False,/oscar/scratch/eaguerov/supercompressible_oracle/riks_52313d693d7f4fc683754c70b8f8d56e/SUPERCOMPRESSIBLE_RIKS.odb,0.3120365756183675,0.0154357515275478,False,False,0.0,0.0,D000,supercompressible-material,2026-08-04T01:40:56+00:00,97372.451,,,,,,,,,,,,,,,,,,,,
247,0.0055301037559663,1,/oscar/scratch/eaguerov/supercompressible_oracle/lin_ee49219486684c06a90f100f46b098ac/SUPERCOMPRESSIBLE_LIN_BUCKLE,False,False,/oscar/scratch/eaguerov/supercompressible_oracle/riks_0ea597abc6aa4ce0b5985b625794049e/SUPERCOMPRESSIBLE_RIKS.odb,1.0666211700439454,0.0085975006222724,True,True,0.0,0.0,D000,supercompressible-material,2026-08-04T01:40:56+00:00,61849.757,,,,,,,,,,,,,,,,,,,,
248,0.0327625755519436,1,/oscar/scratch/eaguerov/supercompressible_oracle/lin_a026ae086273496e82ce1dc7bf13eab7/SUPERCOMPRESSIBLE_LIN_BUCKLE,False,False,/oscar/scratch/eaguerov/supercompressible_oracle/riks_8410b24ab8504b88a6c5744d102ba0d3/SUPERCOMPRESSIBLE_RIKS.odb,1.0438811015769296,0.0199444461613893,True,True,0.0,0.0,D000,supercompressible-material,2026-08-04T01:41:00+00:00,51044.236,,,,,,,,,,,,,,,,,,,,
249,5.401930975129717,1,/oscar/scratch/eaguerov/supercompressible_oracle/lin_2d2dfdccad4e423cb9f02f6cc9fb3608/SUPERCOMPRESSIBLE_LIN_BUCKLE,False,False,/oscar/scratch/eaguerov/supercompressible_oracle/riks_896b0ab776a34810bb5007752c05e33a/SUPERCOMPRESSIBLE_RIKS.odb,1.1220519361139196,0.038558293133974,True,True,0.0,1.0,D000,supercompressible-material,2026-08-04T01:41:10+00:00,137973.327,0.1350353211164474,,,,,,,,,,,,,,,,,,,
250,0.7767185636066071,1,/oscar/scratch/eaguerov/supercompressible_oracle/lin_aece2a822f6741b482f4bb86feb128bb/SUPERCOMPRESSIBLE_LIN_BUCKLE,False,False,/oscar/scratch/eaguerov/supercompressible_oracle/riks_1bbe66a27db647cda45aa8124006a6bc/SUPERCOMPRESSIBLE_RIKS.odb,0.4746809387849834,0.0142715191468596,False,False,0.0,0.0,D000,supercompressible-material,2026-08-04T01:41:23+00:00,444362.472,0.0222959835082292,,,,,,,,,,,,,,,,,,,
251,0.032789313582383,1,/oscar/scratch/eaguerov/supercompressible_oracle/lin_4bea6cf30c9146fb94eee82120af3a89/SUPERCOMPRESSIBLE_LIN_BUCKLE,False,False,/oscar/scratch/eaguerov/supercompressible_oracle/riks_b98c82f9c3da4526879401136b0b2595/SUPERCOMPRESSIBLE_RIKS.odb,1.0483602385609931,0.0199182797223329,True,True,0.0,0.0,D000,supercompressible-material,2026-08-04T01:41:24+00:00,50587.981,,,,,,,,,,,,,,,,,,,,
252,0.7779493618331844,1,/oscar/scratch/eaguerov/supercompressible_oracle/lin_0636d1afa96f45c7bfcc354d8e799a16/SUPERCOMPRESSIBLE_LIN_BUCKLE,False,False,/oscar/scratch/eaguerov/supercompressible_oracle/riks_97e997308a5446a9b03ec8ff18cb0986/SUPERCOMPRESSIBLE_RIKS.odb,0.532991392064209,0.015558554790914,False,False,0.0,0.0,D000,supercompressible-material,2026-08-04T01:41:32+00:00,337512.893,0.030572734773159,,,,,,,,,,,,,,,,,,,
253,0.0325932346924938,1,/oscar/scratch/eaguerov/supercompressible_oracle/lin_b055200971de46e5a39d5a2e6ffe574c/SUPERCOMPRESSIBLE_LIN_BUCKLE,False,False,/oscar/scratch/eaguerov/supercompressible_oracle/riks_fd691c8cdda9436598eaffce43120219/SUPERCOMPRESSIBLE_RIKS.odb,1.056442930406006,0.0199030078947544,True,True,0.0,0.0,D000,supercompressible-material,2026-08-04T01:41:36+00:00,50232.326,,,,,,,,,,,,,,,,,,,,
254,0.4700375985980642,1,/oscar/scratch/eaguerov/supercompressible_oracle/lin_86303734590f48159e6a586b0f1ae929/SUPERCOMPRESSIBLE_LIN_BUCKLE,False,False,/oscar/scratch/eaguerov/supercompressible_oracle/riks_e31595424455487db19b1cf3a6182d78/SUPERCOMPRESSIBLE_RIKS.odb,1.1109745073642312,0.0391092896461486,True,True,0.0,0.0,D000,supercompressible-material,2026-08-04T01:41:46+00:00,70835.571,,,,,,,,,,,,,,,,,,,,
255,0.8993739730827611,1,/oscar/scratch/eaguerov/supercompressible_oracle/lin_e86f13cde8074d6bac04e1c9da045bd0/SUPERCOMPRESSIBLE_LIN_BUCKLE,False,False,/oscar/scratch/eaguerov/supercompressible_oracle/riks_c74e12d1c43c4362809e664a247851ad/SUPERCOMPRESSIBLE_RIKS.odb,0.5576476100686307,0.0172209627926349,False,False,0.0,0.0,D000,supercompressible-material,2026-08-04T01:41:50+00:00,297129.488,0.0182884875684976,,,,,,,,,,,,,,,,,,,
256,0.0371875073830798,1,/oscar/scratch/eaguerov/supercompressible_oracle/lin_055aa965d5f048f5868b6051a28f0cf9/SUPERCOMPRESSIBLE_LIN_BUCKLE,False,False,/oscar/scratch/eaguerov/supercompressible_oracle/riks_2e059fad815241429cdce94308dbe382/SUPERCOMPRESSIBLE_RIKS.odb,1.0600041909254392,0.0206293482333421,True,True,0.0,0.0,D000,supercompressible-material,2026-08-04T01:41:53+00:00,51354.617,,,,,,,,,,,,,,,,,,,,
257,0.7969206310497383,1,/oscar/scratch/eaguerov/supercompressible_oracle/lin_f6352bdaa61d4e39b6c42e905224778b/SUPERCOMPRESSIBLE_LIN_BUCKLE,False,False,/oscar/scratch/eaguerov/supercompressible_oracle/riks_a660eb0190bd47269424324965f36627/SUPERCOMPRESSIBLE_RIKS.odb,0.5318113884801193,0.022084666416049,False,False,0.0,0.0,D000,supercompressible-material,2026-08-04T01:41:56+00:00,453679.625,0.079016089439392,,,,,,,,,,,,,,,,,,,
258,0.7883899261000128,1,/oscar/scratch/eaguerov/supercompressible_oracle/lin_c07a8fdea07c400794eacb944fac156e/SUPERCOMPRESSIBLE_LIN_BUCKLE,False,False,/oscar/scratch/eaguerov/supercompressible_oracle/riks_75c45fc41d3e43e280901fdbb26a9716/SUPERCOMPRESSIBLE_RIKS.odb,0.531302521033398,0.0155273051932454,False,False,0.0,0.0,D000,supercompressible-material,2026-08-04T01:41:59+00:00,456012.297,0.018610505387187,,,,,,,,,,,,,,,,,,,
259,3.00650053698314,1,/oscar/scratch/eaguerov/supercompressible_oracle/lin_9999556be62647508bfb1d3726cd4264/SUPERCOMPRESSIBLE_LIN_BUCKLE,False,False,/oscar/scratch/eaguerov/supercompressible_oracle/riks_da0add7826df4a07b48e38ac9a155495/SUPERCOMPRESSIBLE_RIKS.odb,1.0070809292237224,0.0400668270885944,True,True,0.0,0.0,D000,supercompressible-material,2026-08-04T01:42:00+00:00,120099.252,0.0934390947222709,,,,,,,,,,,,,,,,,,,
260,0.0376993496800634,1,/oscar/scratch/eaguerov/supercompressible_oracle/lin_e8404054952d49788f16f89467f371f1/SUPERCOMPRESSIBLE_LIN_BUCKLE,False,False,/oscar/scratch/eaguerov/supercompressible_oracle/riks_7cfcf34d55024e9bad24bc4a484ddde6/SUPERCOMPRESSIBLE_RIKS.odb,1.0668844063425402,0.0207114275544881,True,True,0.0,0.0,D000,supercompressible-material,2026-08-04T01:42:03+00:00,50756.323,,,,,,,,,,,,,,,,,,,,
261,1.124694931182727,1,/oscar/scratch/eaguerov/supercompressible_oracle/lin_e9fe195f0a3a45e68b0873dba6367d6d/SUPERCOMPRESSIBLE_LIN_BUCKLE,False,False,/oscar/scratch/eaguerov/supercompressible_oracle/riks_69856ef1a1524363bfd0c401f7cd2165/SUPERCOMPRESSIBLE_RIKS.odb,0.3493618872724923,0.0183463133871555,False,False,0.0,0.0,D000,supercompressible-material,2026-08-04T01:42:06+00:00,230588.233,0.0421293973922729,,,,,,,,,,,,,,,,,,,
262,0.1415545284518396,1,/oscar/scratch/eaguerov/supercompressible_oracle/lin_163045d45af34abf9a44e3e327168e82/SUPERCOMPRESSIBLE_LIN_BUCKLE,False,False,/oscar/scratch/eaguerov/supercompressible_oracle/riks_8079cbbe90574883bdf6e333fc4c9231/SUPERCOMPRESSIBLE_RIKS.odb,1.0678870809528431,0.0247599501162767,True,True,0.0,0.0,D000,supercompressible-material,2026-08-04T01:42:16+00:00,67122.259,,,,,,,,,,,,,,,,,,,,
263,0.0371875073830798,1,/oscar/scratch/eaguerov/supercompressible_oracle/lin_4535cce9e84943a9bac394ad9e46a302/SUPERCOMPRESSIBLE_LIN_BUCKLE,False,False,/oscar/scratch/eaguerov/supercompressible_oracle/riks_668e745f2bee4b4dbb5b33b26b9960f3/SUPERCOMPRESSIBLE_RIKS.odb,1.0599347295311836,0.0206298809498548,True,True,0.0,0.0,D000,supercompressible-material,2026-08-04T01:42:18+00:00,51331.423,,,,,,,,,,,,,,,,,,,,
264,0.7803260756500234,1,/oscar/scratch/eaguerov/supercompressible_oracle/lin_e5fe8c8212084c0fa44488f39b1791d3/SUPERCOMPRESSIBLE_LIN_BUCKLE,False,False,/oscar/scratch/eaguerov/supercompressible_oracle/riks_70de3b17c9764a92bbdb421a6fd1cffa/SUPERCOMPRESSIBLE_RIKS.odb,0.5477716732673129,0.0158297643065452,False,False,0.0,0.0,D000,supercompressible-material,2026-08-04T01:42:27+00:00,265951.941,0.0509392470121383,,,,,,,,,,,,,,,,,,,
265,0.0376993496800634,1,/oscar/scratch/eaguerov/supercompressible_oracle/lin_b6eae27712ac479287e3cecc24675362/SUPERCOMPRESSIBLE_LIN_BUCKLE,False,False,/oscar/scratch/eaguerov/supercompressible_oracle/riks_c11beace36f548c3bf5f489b099af00e/SUPERCOMPRESSIBLE_RIKS.odb,1.0668844063425402,0.0207114275544881,True,True,0.0,0.0,D000,supercompressible-material,2026-08-04T01:42:34+00:00,47579.301,,,,,,,,,,,,,,,,,,,,
266,2.0328966984423187,1,/oscar/scratch/eaguerov/supercompressible_oracle/lin_a5f905702465445ca0fd39b44e600714/SUPERCOMPRESSIBLE_LIN_BUCKLE,False,False,/oscar/scratch/eaguerov/supercompressible_oracle/riks_570e1c98452842848c49eb1cec57c2e9/SUPERCOMPRESSIBLE_RIKS.odb,1.0819993422193035,0.0342627316713333,True,True,0.0,0.0,D000,supercompressible-material,2026-08-04T01:42:39+00:00,131344.449,0.1092727556824684,,,,,,,,,,,,,,,,,,,
267,3.4221708070210126,1,/oscar/scratch/eaguerov/supercompressible_oracle/lin_9879819dc34a4a9aa2f1985fae51452e/SUPERCOMPRESSIBLE_LIN_BUCKLE,False,False,/oscar/scratch/eaguerov/supercompressible_oracle/riks_4e6d646e10664064b8ea07267a53edda/SUPERCOMPRESSIBLE_RIKS.odb,1.012027828561634,0.0683055073022842,True,True,0.0,1.0,D000,supercompressible-material,2026-08-04T01:42:50+00:00,143564.898,0.074504904448986,,,,,,,,,,,,,,,,,,,
268,0.1783808602173963,1,/oscar/scratch/eaguerov/supercompressible_oracle/lin_bb8705379026495991fe1c095b5af4d6/SUPERCOMPRESSIBLE_LIN_BUCKLE,False,False,/oscar/scratch/eaguerov/supercompressible_oracle/riks_8e01c539fb244d82b30f8efddcc2997d/SUPERCOMPRESSIBLE_RIKS.odb,1.0005572765281114,0.0295986644923686,True,True,0.0,0.0,D000,supercompressible-material,2026-08-04T01:42:51+00:00,70091.564,,,,,,,,,,,,,,,,,,,,
269,0.0355293250826531,1,/oscar/scratch/eaguerov/supercompressible_oracle/lin_808ed4c74c6c48fb81e934aafe8e9d21/SUPERCOMPRESSIBLE_LIN_BUCKLE,False,False,/oscar/scratch/eaguerov/supercompressible_oracle/riks_7105f31ad6144503a4ddec8e4f6a9b28/SUPERCOMPRESSIBLE_RIKS.odb,1.0688871294817714,0.0204077530652284,True,True,0.0,0.0,D000,supercompressible-material,2026-08-04T01:42:57+00:00,50366.232,,,,,,,,,,,,,,,,,,,,
270,0.822555187217073,1,/oscar/scratch/eaguerov/supercompressible_oracle/lin_8feb57adf93f44319f60391f581c3128/SUPERCOMPRESSIBLE_LIN_BUCKLE,False,False,/oscar/scratch/eaguerov/supercompressible_oracle/riks_ca845b33412c4961a94ce638b903ee5c/SUPERCOMPRESSIBLE_RIKS.odb,0.4591913899820094,0.0143047980964183,False,False,0.0,0.0,D000,supercompressible-material,2026-08-04T01:43:01+00:00,257409.503,0.0241704918444156,,,,,,,,,,,,,,,,,,,
271,1.2013863930939417,1,/oscar/scratch/eaguerov/supercompressible_oracle/lin_7da2d71a88334f07a03c9d66ddd3b6e4/SUPERCOMPRESSIBLE_LIN_BUCKLE,False,False,/oscar/scratch/eaguerov/supercompressible_oracle/riks_f128e6eae4c24bc6bc409305c7bd2c40/SUPERCOMPRESSIBLE_RIKS.odb,0.3918160073946782,0.0195297840982675,False,False,0.0,0.0,D000,supercompressible-material,2026-08-04T01:43:10+00:00,231653.938,0.0475585311651229,,,,,,,,,,,,,,,,,,,
272,0.7855887991015954,1,/oscar/scratch/eaguerov/supercompressible_oracle/lin_ae38f4a6b7cb4be1b2de3f09ad018e34/SUPERCOMPRESSIBLE_LIN_BUCKLE,False,False,/oscar/scratch/eaguerov/supercompressible_oracle/riks_f89628a5324d42aab86307a966f28e2f/SUPERCOMPRESSIBLE_RIKS.odb,0.5511951618852697,0.0170281957834959,False,False,0.0,0.0,D000,supercompressible-material,2026-08-04T01:43:13+00:00,273508.844,0.0319461524486541,,,,,,,,,,,,,,,,,,,
273,0.0330690018690432,1,/oscar/scratch/eaguerov/supercompressible_oracle/lin_9a9d25cad3b4485ab300191cf24a7d0a/SUPERCOMPRESSIBLE_LIN_BUCKLE,False,False,/oscar/scratch/eaguerov/supercompressible_oracle/riks_3a90f6115a0b46e6bb9e2bb30a3ea30b/SUPERCOMPRESSIBLE_RIKS.odb,1.0483287402454202,0.0199582241475582,True,True,0.0,0.0,D000,supercompressible-material,2026-08-04T01:43:25+00:00,49971.152,,,,,,,,,,,,,,,,,,,,
274,1.034676895369951,1,/oscar/scratch/eaguerov/supercompressible_oracle/lin_5f13cc10e1cd425980ffe246ce50e16b/SUPERCOMPRESSIBLE_LIN_BUCKLE,False,False,/oscar/scratch/eaguerov/supercompressible_oracle/riks_761af6d7b9fb46798a6598e61299e075/SUPERCOMPRESSIBLE_RIKS.odb,0.4149140428168638,0.0151998223736882,False,False,0.0,0.0,D000,supercompressible-material,2026-08-04T01:43:26+00:00,231579.288,0.0216576773673295,,,,,,,,,,,,,,,,,,,
275,0.0363110941631205,1,/oscar/scratch/eaguerov/supercompressible_oracle/lin_f706429cd6a24a36b9ca6fd85685a159/SUPERCOMPRESSIBLE_LIN_BUCKLE,False,False,/oscar/scratch/eaguerov/supercompressible_oracle/riks_9e36ec54367448f884f57361e63ab22e/SUPERCOMPRESSIBLE_RIKS.odb,1.0118212979005554,0.0205332785844802,True,True,0.0,0.0,D000,supercompressible-material,2026-08-04T01:43:48+00:00,50882.931,,,,,,,,,,,,,,,,,,,,
276,4.452094274757286,0,/oscar/scratch/eaguerov/supercompressible_oracle/lin_331c45b93121433f93d565b0fab09b0b/SUPERCOMPRESSIBLE_LIN_BUCKLE,,,,,,,,,,D000,supercompressible-material,2026-08-04T01:43:53+00:00,13644.835,,,,,,,,,,,,,,,,,,,,
277,2.87179179315016,1,/oscar/scratch/eaguerov/supercompressible_oracle/lin_d994019ab43a4d7da1648831beb8ed55/SUPERCOMPRESSIBLE_LIN_BUCKLE,False,False,/oscar/scratch/eaguerov/supercompressible_oracle/riks_fc19bc8dfada47afbb0353e2f1e87601/SUPERCOMPRESSIBLE_RIKS.odb,1.0564240495812458,0.0354713425040245,True,True,0.0,0.0,D000,supercompressible-material,2026-08-04T01:43:57+00:00,130273.548,0.0793028697371482,,,,,,,,,,,,,,,,,,,
278,0.2059040550427547,1,/oscar/scratch/eaguerov/supercompressible_oracle/lin_e0c49542506748299819d001aa68c505/SUPERCOMPRESSIBLE_LIN_BUCKLE,False,False,/oscar/scratch/eaguerov/supercompressible_oracle/riks_7476be32797a4b568d5bc9c715ad087d/SUPERCOMPRESSIBLE_RIKS.odb,0.2143678265483415,0.011688751168549,False,False,0.0,0.0,D000,supercompressible-material,2026-08-04T01:43:58+00:00,96360.879,,,,,,,,,,,,,,,,,,,,
279,1.1445150267624378,1,/oscar/scratch/eaguerov/supercompressible_oracle/lin_2f2d6d3347d14f519d8b24cc9e4c38f4/SUPERCOMPRESSIBLE_LIN_BUCKLE,False,False,/oscar/scratch/eaguerov/supercompressible_oracle/riks_d03a468b874343679eb3e7d18a684058/SUPERCOMPRESSIBLE_RIKS.odb,1.1087943937107263,0.0271015148609876,True,True,0.0,0.0,D000,supercompressible-material,2026-08-04T01:44:08+00:00,156251.316,0.0511324107646942,,,,,,,,,,,,,,,,,,,
280,0.0343481831983204,1,/oscar/scratch/eaguerov/supercompressible_oracle/lin_2a82b51ecbde4826b964fc02c8bfbd01/SUPERCOMPRESSIBLE_LIN_BUCKLE,False,False,/oscar/scratch/eaguerov/supercompressible_oracle/riks_0767ee23989945688b40f506b29967a9/SUPERCOMPRESSIBLE_RIKS.odb,1.0559586828389234,0.0201847348362207,True,True,0.0,0.0,D000,supercompressible-material,2026-08-04T01:44:09+00:00,50980.322,,,,,,,,,,,,,,,,,,,,
281,2.109418395080902,1,/oscar/scratch/eaguerov/supercompressible_oracle/lin_f8b4cf76e96a4377b997fbe0805d12f5/SUPERCOMPRESSIBLE_LIN_BUCKLE,False,False,/oscar/scratch/eaguerov/supercompressible_oracle/riks_d9576be2aa314df2b567b684b341afdd/SUPERCOMPRESSIBLE_RIKS.odb,1.093584923579462,0.0524061992764472,True,True,0.0,1.0,D000,supercompressible-material,2026-08-04T01:44:21+00:00,121474.877,0.0651822537183761,,,,,,,,,,,,,,,,,,,
282,0.0300259593571261,1,/oscar/scratch/eaguerov/supercompressible_oracle/lin_8dc916d612114405a03d0a52e0d46e4e/SUPERCOMPRESSIBLE_LIN_BUCKLE,False,False,/oscar/scratch/eaguerov/supercompressible_oracle/riks_6d188247c04048b29ae65bf3a2714993/SUPERCOMPRESSIBLE_RIKS.odb,1.0569694911119938,0.0194948408752679,True,True,0.0,0.0,D000,supercompressible-material,2026-08-04T01:44:27+00:00,49822.568,,,,,,,,,,,,,,,,,,,,
283,5.226648331137843,1,/oscar/scratch/eaguerov/supercompressible_oracle/lin_e24cafcfe21e44deb668cafe98871a5d/SUPERCOMPRESSIBLE_LIN_BUCKLE,False,False,/oscar/scratch/eaguerov/supercompressible_oracle/riks_96a0a2740dd34c7392efb53bc8c25b8e/SUPERCOMPRESSIBLE_RIKS.odb,1.0068728579834036,0.0761073380708694,True,True,0.0,1.0,D000,supercompressible-material,2026-08-04T01:44:34+00:00,142018.258,0.0716826394200325,,,,,,,,,,,,,,,,,,,
284,0.2927347478618771,1,/oscar/scratch/eaguerov/supercompressible_oracle/lin_044bf38017934f0a9227cc3a1e3c15a2/SUPERCOMPRESSIBLE_LIN_BUCKLE,False,False,/oscar/scratch/eaguerov/supercompressible_oracle/riks_8c27f427058c49baa5b44e4ca7cb8ed3/SUPERCOMPRESSIBLE_RIKS.odb,0.1602222654886077,0.0110823502764105,False,False,0.0,0.0,D000,supercompressible-material,2026-08-04T01:44:38+00:00,93396.798,,,,,,,,,,,,,,,,,,,,
285,3.378413808000281,1,/oscar/scratch/eaguerov/supercompressible_oracle/lin_da6d1cd1526f4196a310951ecb2a2ac8/SUPERCOMPRESSIBLE_LIN_BUCKLE,False,False,/oscar/scratch/eaguerov/supercompressible_oracle/riks_3c2677f2728248828f19c63efb33b7fb/SUPERCOMPRESSIBLE_RIKS.odb,1.0194041668056135,0.057817842811346,True,True,0.0,1.0,D000,supercompressible-material,2026-08-04T01:44:43+00:00,138498.954,0.0427335277199745,,,,,,,,,,,,,,,,,,,
286,1.4551854756778175,1,/oscar/scratch/eaguerov/supercompressible_oracle/lin_82c57c8b749b458fb505e22d27ee3d3d/SUPERCOMPRESSIBLE_LIN_BUCKLE,False,False,/oscar/scratch/eaguerov/supercompressible_oracle/riks_ce9e74ec45c84805a239269a4d7e89b6/SUPERCOMPRESSIBLE_RIKS.odb,1.0099484599985349,0.0674409121274948,True,True,0.0,0.0,D000,supercompressible-material,2026-08-04T01:44:47+00:00,134242.693,0.1298941224813461,,,,,,,,,,,,,,,,,,,
287,0.0350862377210853,1,/oscar/scratch/eaguerov/supercompressible_oracle/lin_9eb298d2e80f43738be18dcd611708f5/SUPERCOMPRESSIBLE_LIN_BUCKLE,False,False,/oscar/scratch/eaguerov/supercompressible_oracle/riks_9f9a4f68db6d4e68849e0b732e9500cb/SUPERCOMPRESSIBLE_RIKS.odb,1.060998598316116,0.0203324481844902,True,True,0.0,0.0,D000,supercompressible-material,2026-08-04T01:44:48+00:00,52181.899,,,,,,,,,,,,,,,,,,,,
288,0.0371577984603694,1,/oscar/scratch/eaguerov/supercompressible_oracle/lin_c07b235f5ba04521ac1d11ba75fac8ec/SUPERCOMPRESSIBLE_LIN_BUCKLE,False,False,/oscar/scratch/eaguerov/supercompressible_oracle/riks_bbec67078de341f0ad36c6c37ed71b0f/SUPERCOMPRESSIBLE_RIKS.odb,1.0670587833843688,0.0206358786672353,True,True,0.0,0.0,D000,supercompressible-material,2026-08-04T01:45:06+00:00,52249.091,,,,,,,,,,,,,,,,,,,,
289,2.733475537273763,1,/oscar/scratch/eaguerov/supercompressible_oracle/lin_974a3194ca0a4e419709d4b3a6d84d90/SUPERCOMPRESSIBLE_LIN_BUCKLE,False,False,/oscar/scratch/eaguerov/supercompressible_oracle/riks_ec072439e89f465fa20ac75ae6337f73/SUPERCOMPRESSIBLE_RIKS.odb,0.2099742858635958,0.0200487971305847,False,False,0.0,0.0,D000,supercompressible-material,2026-08-04T01:45:12+00:00,145378.328,0.0165473241358995,,,,,,,,,,,,,,,,,,,
290,0.775954619879766,1,/oscar/scratch/eaguerov/supercompressible_oracle/lin_42350e0eed3343b9b683b2bfea21a7d5/SUPERCOMPRESSIBLE_LIN_BUCKLE,False,False,/oscar/scratch/eaguerov/supercompressible_oracle/riks_e36ede1e23fd42d5ba035be2d49b3898/SUPERCOMPRESSIBLE_RIKS.odb,0.5407263676317198,0.0156258177012205,False,False,0.0,0.0,D000,supercompressible-material,2026-08-04T01:45:13+00:00,260813.708,0.0101364739239215,,,,,,,,,,,,,,,,,,,
291,0.175146831773769,1,/oscar/scratch/eaguerov/supercompressible_oracle/lin_36955afff65d4be8814dc0a7d2d71677/SUPERCOMPRESSIBLE_LIN_BUCKLE,False,False,/oscar/scratch/eaguerov/supercompressible_oracle/riks_58fa69081d944d51a3c597674db1cbf4/SUPERCOMPRESSIBLE_RIKS.odb,0.238309850756846,0.0121936239302158,False,False,0.0,0.0,D000,supercompressible-material,2026-08-04T01:45:27+00:00,97988.608,,,,,,,,,,,,,,,,,,,,
292,0.0328886262668724,1,/oscar/scratch/eaguerov/supercompressible_oracle/lin_2aae032389a54da9ae9bf2afca5cc23f/SUPERCOMPRESSIBLE_LIN_BUCKLE,False,False,/oscar/scratch/eaguerov/supercompressible_oracle/riks_f1bad560411c45aaae710b07dee47882/SUPERCOMPRESSIBLE_RIKS.odb,1.0126562055509545,0.01999775134027,True,True,0.0,0.0,D000,supercompressible-material,2026-08-04T01:45:34+00:00,54030.457,,,,,,,,,,,,,,,,,,,,
293,0.0326034206088517,1,/oscar/scratch/eaguerov/supercompressible_oracle/lin_2a8e93c01d5c4562b784ed13dc2c39eb/SUPERCOMPRESSIBLE_LIN_BUCKLE,False,False,/oscar/scratch/eaguerov/supercompressible_oracle/riks_f62e5740a621420aaeb44d7faa29a0fd/SUPERCOMPRESSIBLE_RIKS.odb,1.049376045359788,0.0199140943586826,True,True,0.0,0.0,D000,supercompressible-material,2026-08-04T01:45:38+00:00,42634.639,,,,,,,,,,,,,,,,,,,,
294,1.6238897153552263,1,/oscar/scratch/eaguerov/supercompressible_oracle/lin_dc7a2c5236904e98a31043500112423d/SUPERCOMPRESSIBLE_LIN_BUCKLE,False,False,/oscar/scratch/eaguerov/supercompressible_oracle/riks_80fc1e08f7f548519ce2082d33957347/SUPERCOMPRESSIBLE_RIKS.odb,1.0631234283808086,0.0533661097288131,True,True,0.0,1.0,D000,supercompressible-material,2026-08-04T01:45:48+00:00,138422.242,0.0725219845771789,,,,,,,,,,,,,,,,,,,
295,1.2648786050580685,1,/oscar/scratch/eaguerov/supercompressible_oracle/lin_4764bb425ff44d6daeb661991afabad6/SUPERCOMPRESSIBLE_LIN_BUCKLE,False,False,/oscar/scratch/eaguerov/supercompressible_oracle/riks_46b8bd20400c4d3aa03d5d0916056ba4/SUPERCOMPRESSIBLE_RIKS.odb,0.342350093649098,0.0215611308813095,False,False,0.0,0.0,D000,supercompressible-material,2026-08-04T01:45:49+00:00,234915.467,0.0534195974469184,,,,,,,,,,,,,,,,,,,
296,0.2027039796536536,1,/oscar/scratch/eaguerov/supercompressible_oracle/lin_2be1e2d30be944759f9982f7dbc905fa/SUPERCOMPRESSIBLE_LIN_BUCKLE,False,False,/oscar/scratch/eaguerov/supercompressible_oracle/riks_998a0c1d2c674e30b3b7776f990c296b/SUPERCOMPRESSIBLE_RIKS.odb,0.2986407337897142,0.0145478900521993,False,False,0.0,0.0,D000,supercompressible-material,2026-08-04T01:45:50+00:00,95978.142,,,,,,,,,,,,,,,,,,,,
297,3.476198605035941,1,/oscar/scratch/eaguerov/supercompressible_oracle/lin_e5fb7b74e9cd4a13819d8f0f23fc44a6/SUPERCOMPRESSIBLE_LIN_BUCKLE,False,False,/oscar/scratch/eaguerov/supercompressible_oracle/riks_4f77a4125e1845d49a7d57b41d047d19/SUPERCOMPRESSIBLE_RIKS.odb,1.0114882767662328,0.03091461956501,True,True,0.0,0.0,D000,supercompressible-material,2026-08-04T01:45:50+00:00,121503.994,0.1024500131607055,,,,,,,,,,,,,,,,,,,
298,0.2178427978405547,1,/oscar/scratch/eaguerov/supercompressible_oracle/lin_88c74d891adc4d648d66e8cfbfb1a0ad/SUPERCOMPRESSIBLE_LIN_BUCKLE,False,False,/oscar/scratch/eaguerov/supercompressible_oracle/riks_0e88137ee15441fc8892b80b612337ff/SUPERCOMPRESSIBLE_RIKS.odb,1.023126048141071,0.0263657495379447,True,True,0.0,0.0,D000,supercompressible-material,2026-08-04T01:46:01+00:00,57548.423,,,,,,,,,,,,,,,,,,,,
299,1.1581811312092618,1,/oscar/scratch/eaguerov/supercompressible_oracle/lin_6b7069a24c9e494c8fcb2b8c9568788d/SUPERCOMPRESSIBLE_LIN_BUCKLE,False,False,/oscar/scratch/eaguerov/supercompressible_oracle/riks_60209f3edd584149a5b9656525945c21/SUPERCOMPRESSIBLE_RIKS.odb,0.3305609765089184,0.0139190144836902,False,False,0.0,0.0,D000,supercompressible-material,2026-08-04T01:46:04+00:00,217029.641,0.0293858312070369,,,,,,,,,,,,,,,,,,,
300,0.0329230037345802,1,/oscar/scratch/eaguerov/supercompressible_oracle/lin_76b405eee9534890bc730f187d1cafaf/SUPERCOMPRESSIBLE_LIN_BUCKLE,False,False,/oscar/scratch/eaguerov/supercompressible_oracle/riks_2b1dc7abee8f4d98a92b541ab2346e7e/SUPERCOMPRESSIBLE_RIKS.odb,1.0563870728227158,0.01995693705976,True,True,0.0,0.0,D000,supercompressible-material,2026-08-04T01:46:10+00:00,50086.442,,,,,,,,,,,,,,,,,,,,
301,1.9330747181350816,1,/oscar/scratch/eaguerov/supercompressible_oracle/lin_2dfd2c639ed14ce4b606ebfadacf65a3/SUPERCOMPRESSIBLE_LIN_BUCKLE,False,False,/oscar/scratch/eaguerov/supercompressible_oracle/riks_f83bdc3ddfea422c8dd51ba457f750ed/SUPERCOMPRESSIBLE_RIKS.odb,0.3020093300455747,0.0124677354469895,False,False,0.0,0.0,D000,supercompressible-material,2026-08-04T01:46:25+00:00,172922.255,0.0551082864403724,,,,,,,,,,,,,,,,,,,
302,0.9608714430934696,1,/oscar/scratch/eaguerov/supercompressible_oracle/lin_61dd3632e31a476ea5e6dae8915ba8c1/SUPERCOMPRESSIBLE_LIN_BUCKLE,False,False,/oscar/scratch/eaguerov/supercompressible_oracle/riks_222c69cff5364b4e8e68a0c0e0eb82d7/SUPERCOMPRESSIBLE_RIKS.odb,1.030312676734681,0.023941421881318,True,True,0.0,0.0,D000,supercompressible-material,2026-08-04T01:46:27+00:00,114264.822,0.0524788312613964,,,,,,,,,,,,,,,,,,,
303,4.17355190368739,0,/oscar/scratch/eaguerov/supercompressible_oracle/lin_4fa9be214fa44365bfdf7b41fe295de2/SUPERCOMPRESSIBLE_LIN_BUCKLE,,,,,,,,,,D000,supercompressible-material,2026-08-04T01:46:29+00:00,14643.776,,,,,,,,,,,,,,,,,,,,
304,0.0292492832348377,1,/oscar/scratch/eaguerov/supercompressible_oracle/lin_3110fd7e7e0f4cc5a84a6314f471ef1c/SUPERCOMPRESSIBLE_LIN_BUCKLE,False,False,/oscar/scratch/eaguerov/supercompressible_oracle/riks_f1e5a1c1198543d0a74667dce951fef3/SUPERCOMPRESSIBLE_RIKS.odb,1.057042662847459,0.0193586964160203,True,True,0.0,0.0,D000,supercompressible-material,2026-08-04T01:46:39+00:00,50410.728,,,,,,,,,,,,,,,,,,,,
305,3.8683563848143714,1,/oscar/scratch/eaguerov/supercompressible_oracle/lin_c3b22639ff0b48bcb2578a68e76112e9/SUPERCOMPRESSIBLE_LIN_BUCKLE,False,False,/oscar/scratch/eaguerov/supercompressible_oracle/riks_69d167643b024200bdafa9ad9f2819a2/SUPERCOMPRESSIBLE_RIKS.odb,1.0551292596562916,0.0695653483271598,True,True,0.0,1.0,D000,supercompressible-material,2026-08-04T01:46:46+00:00,123939.012,0.0938446298241615,,,,,,,,,,,,,,,,,,,
306,0.082790279330496,1,/oscar/scratch/eaguerov/supercompressible_oracle/lin_d9e4180e864e43db80f7b7711f358b89/SUPERCOMPRESSIBLE_LIN_BUCKLE,False,False,/oscar/scratch/eaguerov/supercompressible_oracle/riks_d9bfd6bf3b8b4a35a0b8cd93151ac613/SUPERCOMPRESSIBLE_RIKS.odb,1.0488199787024055,0.0229310430586338,True,True,0.0,0.0,D000,supercompressible-material,2026-08-04T01:46:48+00:00,64885.728,,,,,,,,,,,,,,,,,,,,
307,1.1390400967200769,1,/oscar/scratch/eaguerov/supercompressible_oracle/lin_b3576e3a22934e3cb50f7faba132932f/SUPERCOMPRESSIBLE_LIN_BUCKLE,False,False,/oscar/scratch/eaguerov/supercompressible_oracle/riks_937a2e7e1e8d4561b667556cc9ef9362/SUPERCOMPRESSIBLE_RIKS.odb,0.358547342238506,0.015711672604084,False,False,0.0,0.0,D000,supercompressible-material,2026-08-04T01:47:03+00:00,229800.312,0.033793106675148,,,,,,,,,,,,,,,,,,,
308,0.0314282205090611,1,/oscar/scratch/eaguerov/supercompressible_oracle/lin_e79f16114e0740d9ba3388cb67213222/SUPERCOMPRESSIBLE_LIN_BUCKLE,False,False,/oscar/scratch/eaguerov/supercompressible_oracle/riks_6eeb89bb5c5a4f0d94dd99d55b85f5ad/SUPERCOMPRESSIBLE_RIKS.odb,1.069477342243591,0.0196839105337858,True,True,0.0,0.0,D000,supercompressible-material,2026-08-04T01:47:04+00:00,53580.168,,,,,,,,,,,,,,,,,,,,
309,0.9839595201713336,1,/oscar/scratch/eaguerov/supercompressible_oracle/lin_db67c89012584b0b8a62b94e56854846/SUPERCOMPRESSIBLE_LIN_BUCKLE,False,False,/oscar/scratch/eaguerov/supercompressible_oracle/riks_3091b3bf4e624ebdad7da2d1178f7042/SUPERCOMPRESSIBLE_RIKS.odb,0.4447065856182924,0.014131998643279,False,False,0.0,0.0,D000,supercompressible-material,2026-08-04T01:47:08+00:00,241364.869,0.0394207462668418,,,,,,,,,,,,,,,,,,,
310,3.1244874014619315,1,/oscar/scratch/eaguerov/supercompressible_oracle/lin_0ab145ab59974dd1851a0a18703dd404/SUPERCOMPRESSIBLE_LIN_BUCKLE,False,False,/oscar/scratch/eaguerov/supercompressible_oracle/riks_3affcea1bbb8422b8f4bc99c3b3dbb30/SUPERCOMPRESSIBLE_RIKS.odb,1.0696232469272775,0.0344275459647178,True,True,0.0,0.0,D000,supercompressible-material,2026-08-04T01:47:21+00:00,125940.34,0.0708436295390129,,,,,,,,,,,,,,,,,,,
311,5.241502792493087,1,/oscar/scratch/eaguerov/supercompressible_oracle/lin_d098a3a98c304fc3809ae708136baccc/SUPERCOMPRESSIBLE_LIN_BUCKLE,False,False,/oscar/scratch/eaguerov/supercompressible_oracle/riks_d72baa83e25246c587c6e4adc7a99f2d/SUPERCOMPRESSIBLE_RIKS.odb,1.0825815609375045,0.088624358177185,True,True,0.0,1.0,D000,supercompressible-material,2026-08-04T01:47:22+00:00,101454.236,0.0506880097091198,,,,,,,,,,,,,,,,,,,
312,0.0324345041625835,1,/oscar/scratch/eaguerov/supercompressible_oracle/lin_e278858a83d6459680d3e8d77c1ddbc8/SUPERCOMPRESSIBLE_LIN_BUCKLE,False,False,/oscar/scratch/eaguerov/supercompressible_oracle/riks_f053a8c1dae241c09f4545789794d762/SUPERCOMPRESSIBLE_RIKS.odb,1.069437880809833,0.0199226401746273,True,True,0.0,0.0,D000,supercompressible-material,2026-08-04T01:47:30+00:00,50831.047,,,,,,,,,,,,,,,,,,,,
313,0.1469700406487798,1,/oscar/scratch/eaguerov/supercompressible_oracle/lin_8f98a77eb21544f18091a10331540df1/SUPERCOMPRESSIBLE_LIN_BUCKLE,False,False,/oscar/scratch/eaguerov/supercompressible_oracle/riks_4d9db3c15de44a9c863057fb3a54b07b/SUPERCOMPRESSIBLE_RIKS.odb,1.0112856493797908,0.0265147481113672,True,True,0.0,0.0,D000,supercompressible-material,2026-08-04T01:47:36+00:00,67262.091,,,,,,,,,,,,,,,,,,,,
314,1.0427407458199405,1,/oscar/scratch/eaguerov/supercompressible_oracle/lin_77090b003e2941d09aec9643366afce1/SUPERCOMPRESSIBLE_LIN_BUCKLE,False,False,/oscar/scratch/eaguerov/supercompressible_oracle/riks_95988390709e4805bb9e0d2946df3935/SUPERCOMPRESSIBLE_RIKS.odb,1.0958277926866224,0.0286006797105073,True,True,0.0,0.0,D000,supercompressible-material,2026-08-04T01:47:40+00:00,156957.316,0.0579441748559474,,,,,,,,,,,,,,,,,,,
315,1.1580538072547883,1,/oscar/scratch/eaguerov/supercompressible_oracle/lin_8cf3681b79174e5d93cf3b6eb3bc28ff/SUPERCOMPRESSIBLE_LIN_BUCKLE,False,False,/oscar/scratch/eaguerov/supercompressible_oracle/riks_46502e28d7fa4fab9673adcfeb739992/SUPERCOMPRESSIBLE_RIKS.odb,0.3421184772105677,0.0274021029472351,False,False,0.0,0.0,D000,supercompressible-material,2026-08-04T01:47:50+00:00,210829.713,0.0403215438127517,,,,,,,,,,,,,,,,,,,
316,0.0330838563303984,1,/oscar/scratch/eaguerov/supercompressible_oracle/lin_3be02c40e6d542b09e33497094e72144/SUPERCOMPRESSIBLE_LIN_BUCKLE,False,False,/oscar/scratch/eaguerov/supercompressible_oracle/riks_beb59aa1878541e2a68a92038f269e8d/SUPERCOMPRESSIBLE_RIKS.odb,1.0692224294498989,0.019968369975686,True,True,0.0,0.0,D000,supercompressible-material,2026-08-04T01:47:57+00:00,52997.206,,,,,,,,,,,,,,,,,,,,
317,2.702960229518277,0,/oscar/scratch/eaguerov/supercompressible_oracle/lin_852011acc3384403bef6b0a3e35bdc31/SUPERCOMPRESSIBLE_LIN_BUCKLE,,,,,,,,,,D000,supercompressible-material,2026-08-04T01:48:09+00:00,13569.295,,,,,,,,,,,,,,,,,,,,
318,0.0331093211212931,1,/oscar/scratch/eaguerov/supercompressible_oracle/lin_4009f47101d344f08078d0c91f2851ac/SUPERCOMPRESSIBLE_LIN_BUCKLE,False,False,/oscar/scratch/eaguerov/supercompressible_oracle/riks_7e965adf5f0f4fa4be30da62b10f70d2/SUPERCOMPRESSIBLE_RIKS.odb,1.0482543224197107,0.0199658330529928,True,True,0.0,0.0,D000,supercompressible-material,2026-08-04T01:48:19+00:00,50600.529,,,,,,,,,,,,,,,,,,,,
319,0.1458835429039391,1,/oscar/scratch/eaguerov/supercompressible_oracle/lin_fe8317062efe48cf905a61ad1b35f0db/SUPERCOMPRESSIBLE_LIN_BUCKLE,False,False,/oscar/scratch/eaguerov/supercompressible_oracle/riks_1f949edec24d4151a83bea5224d9727b/SUPERCOMPRESSIBLE_RIKS.odb,1.0208907915721566,0.0306212157011032,True,True,0.0,0.0,D000,supercompressible-material,2026-08-04T01:48:22+00:00,66136.976,,,,,,,,,,,,,,,,,,,,
320,1.3775603047671303,1,/oscar/scratch/eaguerov/supercompressible_oracle/lin_6066217dc93f4c1696fc75e7f6fc3152/SUPERCOMPRESSIBLE_LIN_BUCKLE,False,False,/oscar/scratch/eaguerov/supercompressible_oracle/riks_7344b1150b0845f5a133d4d0dd258de3/SUPERCOMPRESSIBLE_RIKS.odb,1.114240193681372,0.0245747249573469,True,True,0.0,1.0,D000,supercompressible-material,2026-08-04T01:48:46+00:00,130123.513,0.0928257554769516,,,,,,,,,,,,,,,,,,,
321,0.0326076647406675,1,/oscar/scratch/eaguerov/supercompressible_oracle/lin_aa1b88e3d11a4e3795ff3b4df4e29546/SUPERCOMPRESSIBLE_LIN_BUCKLE,False,False,/oscar/scratch/eaguerov/supercompressible_oracle/riks_f03f7f5dd73a416783263e291ea92bb2/SUPERCOMPRESSIBLE_RIKS.odb,1.0694448863548056,0.0199518110603094,True,True,0.0,0.0,D000,supercompressible-material,2026-08-04T01:48:47+00:00,52013.104,,,,,,,,,,,,,,,,,,,,
322,0.9080320019869602,1,/oscar/scratch/eaguerov/supercompressible_oracle/lin_2da0bcff82744e2e8a9a27dca6106ce5/SUPERCOMPRESSIBLE_LIN_BUCKLE,False,False,/oscar/scratch/eaguerov/supercompressible_oracle/riks_45e8746434724cacb53f8d3cbc201260/SUPERCOMPRESSIBLE_RIKS.odb,0.549655737070931,0.0237013138830661,False,False,0.0,0.0,D000,supercompressible-material,2026-08-04T01:48:48+00:00,263052.81,0.046667069196701,,,,,,,,,,,,,,,,,,,
323,0.0325983276506728,1,/oscar/scratch/eaguerov/supercompressible_oracle/lin_0019cc9272894e408639428d214e2901/SUPERCOMPRESSIBLE_LIN_BUCKLE,False,False,/oscar/scratch/eaguerov/supercompressible_oracle/riks_5dba059ff2644fbcbb858e73dc7ffa04/SUPERCOMPRESSIBLE_RIKS.odb,1.0694080358101876,0.0199496932327747,True,True,0.0,0.0,D000,supercompressible-material,2026-08-04T01:49:07+00:00,51649.601,,,,,,,,,,,,,,,,,,,,
324,0.7623309567510997,1,/oscar/scratch/eaguerov/supercompressible_oracle/lin_f33df1f1f31f4c24886fac4518633d05/SUPERCOMPRESSIBLE_LIN_BUCKLE,False,False,/oscar/scratch/eaguerov/supercompressible_oracle/riks_a50affab09ed4ce593896057110ac42e/SUPERCOMPRESSIBLE_RIKS.odb,1.0281070649909232,0.0475332401692867,True,True,0.0,0.0,D000,supercompressible-material,2026-08-04T01:49:13+00:00,71877.141,,,,,,,,,,,,,,,,,,,,
325,1.915376688463263,1,/oscar/scratch/eaguerov/supercompressible_oracle/lin_3cfcb3949d384a0fb3d3b070f6999f24/SUPERCOMPRESSIBLE_LIN_BUCKLE,False,False,/oscar/scratch/eaguerov/supercompressible_oracle/riks_94e5eede1eaa48b592dab8400fc69fcd/SUPERCOMPRESSIBLE_RIKS.odb,1.036547422823758,0.0483287759125232,True,True,0.0,0.0,D000,supercompressible-material,2026-08-04T01:49:22+00:00,145540.467,0.0780050829052925,,,,,,,,,,,,,,,,,,,
326,0.0331946281707904,1,/oscar/scratch/eaguerov/supercompressible_oracle/lin_00356635ff9746c6bdd80a5a9d96901d/SUPERCOMPRESSIBLE_LIN_BUCKLE,False,False,/oscar/scratch/eaguerov/supercompressible_oracle/riks_72ad3785f60740259a0d2f7cfd531959/SUPERCOMPRESSIBLE_RIKS.odb,1.048314466386431,0.0199933536350727,True,True,0.0,0.0,D000,supercompressible-material,2026-08-04T01:49:32+00:00,50081.596,,,,,,,,,,,,,,,,,,,,
327,0.4918524361311933,1,/oscar/scratch/eaguerov/supercompressible_oracle/lin_064d97fb89f945d8a9029b7477db021b/SUPERCOMPRESSIBLE_LIN_BUCKLE,False,False,/oscar/scratch/eaguerov/supercompressible_oracle/riks_0b3ea2ef698c4a418d74c527efc90942/SUPERCOMPRESSIBLE_RIKS.odb,1.0255485598028118,0.0418331734836101,True,True,0.0,0.0,D000,supercompressible-material,2026-08-04T01:49:43+00:00,64926.527,,,,,,,,,,,,,,,,,,,,
328,0.7829998786939673,1,/oscar/scratch/eaguerov/supercompressible_oracle/lin_27983d7e34d34e17bf7a6ff42efc8ba1/SUPERCOMPRESSIBLE_LIN_BUCKLE,False,False,/oscar/scratch/eaguerov/supercompressible_oracle/riks_c5d5be850fd3457b8baa3300d0eea8f6/SUPERCOMPRESSIBLE_RIKS.odb,0.5668714484671628,0.0160828568041324,False,False,0.0,0.0,D000,supercompressible-material,2026-08-04T01:49:50+00:00,273999.396,0.0166692025959491,,,,,,,,,,,,,,,,,,,
329,0.0330889492885774,1,/oscar/scratch/eaguerov/supercompressible_oracle/lin_03e59e6f3b5c40d2946c236cd96b20f8/SUPERCOMPRESSIBLE_LIN_BUCKLE,False,False,/oscar/scratch/eaguerov/supercompressible_oracle/riks_aff1cda5825e415598e60ce17a982915/SUPERCOMPRESSIBLE_RIKS.odb,1.0126211316059388,0.0200297720730304,True,True,0.0,0.0,D000,supercompressible-material,2026-08-04T01:49:52+00:00,51607.94,,,,,,,,,,,,,,,,,,,,
330,0.8342689910286365,1,/oscar/scratch/eaguerov/supercompressible_oracle/lin_7c4632a817c14fdeb4b10b4d73f1f76e/SUPERCOMPRESSIBLE_LIN_BUCKLE,False,False,/oscar/scratch/eaguerov/supercompressible_oracle/riks_3ab4ef677ebe41cb99fce341956cc038/SUPERCOMPRESSIBLE_RIKS.odb,1.119913102626919,0.0349540896713733,True,True,0.0,1.0,D000,supercompressible-material,2026-08-04T01:49:55+00:00,158897.363,0.0506898760795593,,,,,,,,,,,,,,,,,,,
331,5.1188473830169325,1,/oscar/scratch/eaguerov/supercompressible_oracle/lin_5ce2260dafad47f6b5f5cc08264f70c7/SUPERCOMPRESSIBLE_LIN_BUCKLE,False,False,/oscar/scratch/eaguerov/supercompressible_oracle/riks_67d499f6f1fd46b7aec10a42c4f5c3fe/SUPERCOMPRESSIBLE_RIKS.odb,0.1266696667944416,0.0178430750966072,False,False,0.0,0.0,D000,supercompressible-material,2026-08-04T01:49:57+00:00,135428.021,0.0298987850546836,,,,,,,,,,,,,,,,,,,
332,1.008363278112091,1,/oscar/scratch/eaguerov/supercompressible_oracle/lin_14761e861b754b0baa23bbd7efe353e0/SUPERCOMPRESSIBLE_LIN_BUCKLE,False,False,/oscar/scratch/eaguerov/supercompressible_oracle/riks_ec98b8f8c94c4b489fb911dbced32a01/SUPERCOMPRESSIBLE_RIKS.odb,1.0866122972953045,0.0214850585907697,True,True,0.0,0.0,D000,supercompressible-material,2026-08-04T01:49:59+00:00,151515.054,0.032426293939352,,,,,,,,,,,,,,,,,,,
333,0.8220883327173367,1,/oscar/scratch/eaguerov/supercompressible_oracle/lin_1ea01b325055439bb7f3b86905de0748/SUPERCOMPRESSIBLE_LIN_BUCKLE,False,False,/oscar/scratch/eaguerov/supercompressible_oracle/riks_0fcddea637c1412d9245e7b92d2d3ced/SUPERCOMPRESSIBLE_RIKS.odb,0.3990682364071815,0.0130261722952127,False,False,0.0,0.0,D000,supercompressible-material,2026-08-04T01:50:08+00:00,234670.468,0.0419740192592144,,,,,,,,,,,,,,,,,,,
334,0.7863103015102787,1,/oscar/scratch/eaguerov/supercompressible_oracle/lin_bc18d9713f624f8c864898555024b88b/SUPERCOMPRESSIBLE_LIN_BUCKLE,False,False,/oscar/scratch/eaguerov/supercompressible_oracle/riks_adb1e18b3a284314b751ec49610ff715/SUPERCOMPRESSIBLE_RIKS.odb,0.5467566260540465,0.015864610671997,False,False,0.0,0.0,D000,supercompressible-material,2026-08-04T01:50:09+00:00,266569.133,0.020474761724472,,,,,,,,,,,,,,,,,,,
335,0.0332043896739667,1,/oscar/scratch/eaguerov/supercompressible_oracle/lin_14e8274807624467b52d26b1729cb1ae/SUPERCOMPRESSIBLE_LIN_BUCKLE,False,False,/oscar/scratch/eaguerov/supercompressible_oracle/riks_211fc2d7942846919864c9986daaeebe/SUPERCOMPRESSIBLE_RIKS.odb,1.0677210417893437,0.0200411956757307,True,True,0.0,0.0,D000,supercompressible-material,2026-08-04T01:50:10+00:00,52785.811,,,,,,,,,,,,,,,,,,,,
336,0.0330316535090643,1,/oscar/scratch/eaguerov/supercompressible_oracle/lin_88d2c26501734d569c61eb3aeabaafa8/SUPERCOMPRESSIBLE_LIN_BUCKLE,False,False,/oscar/scratch/eaguerov/supercompressible_oracle/riks_1c6e0a2660234935abeba04aa32106d2/SUPERCOMPRESSIBLE_RIKS.odb,1.0563005661112737,0.0199751667678356,True,True,0.0,0.0,D000,supercompressible-material,2026-08-04T01:50:19+00:00,51090.939,,,,,,,,,,,,,,,,,,,,
337,3.39178282322,1,/oscar/scratch/eaguerov/supercompressible_oracle/lin_c08fc4bfc7fd4b6095ea7fa62a3a822d/SUPERCOMPRESSIBLE_LIN_BUCKLE,False,False,/oscar/scratch/eaguerov/supercompressible_oracle/riks_d9dfb12c0f844504be2e7c7fd2cffa05/SUPERCOMPRESSIBLE_RIKS.odb,1.0240556452974754,0.0625692531466484,True,True,0.0,1.0,D000,supercompressible-material,2026-08-04T01:50:28+00:00,138560.048,0.1005578339099884,,,,,,,,,,,,,,,,,,,
338,0.0331292685408273,1,/oscar/scratch/eaguerov/supercompressible_oracle/lin_a70ef6ef7db34dc391903a899bff563d/SUPERCOMPRESSIBLE_LIN_BUCKLE,False,False,/oscar/scratch/eaguerov/supercompressible_oracle/riks_b8ff99733fd44379a00876258aaf2d2e/SUPERCOMPRESSIBLE_RIKS.odb,1.0562553654370048,0.020017011091113,True,True,0.0,0.0,D000,supercompressible-material,2026-08-04T01:50:29+00:00,51090.088,,,,,,,,,,,,,,,,,,,,
339,4.742817304138481,1,/oscar/scratch/eaguerov/supercompressible_oracle/lin_52038086d37c43fb9af0858173e1bd9f/SUPERCOMPRESSIBLE_LIN_BUCKLE,False,False,/oscar/scratch/eaguerov/supercompressible_oracle/riks_4ed4f08b62804a48a937150b17c531e2/SUPERCOMPRESSIBLE_RIKS.odb,1.0078664037552594,0.0792006403207779,True,True,0.0,1.0,D000,supercompressible-material,2026-08-04T01:50:31+00:00,155769.803,0.0882375091314315,,,,,,,,,,,,,,,,,,,
340,0.2971698656093712,1,/oscar/scratch/eaguerov/supercompressible_oracle/lin_7f07ab67d38f49f79cb3ffdf091f409b/SUPERCOMPRESSIBLE_LIN_BUCKLE,False,False,/oscar/scratch/eaguerov/supercompressible_oracle/riks_4de6a49d48d9498ebda0cf6db7a1048e/SUPERCOMPRESSIBLE_RIKS.odb,0.1299517347411593,0.0104338321834802,False,False,0.0,0.0,D000,supercompressible-material,2026-08-04T01:50:31+00:00,89144.991,,,,,,,,,,,,,,,,,,,,
341,0.8005281430931547,1,/oscar/scratch/eaguerov/supercompressible_oracle/lin_794d6d2438f24a1a922cd78590cfdb9e/SUPERCOMPRESSIBLE_LIN_BUCKLE,False,False,/oscar/scratch/eaguerov/supercompressible_oracle/riks_9f01fcda4ebe436f8678b94e304f3d64/SUPERCOMPRESSIBLE_RIKS.odb,0.419449419124441,0.0144364768639206,False,False,0.0,0.0,D000,supercompressible-material,2026-08-04T01:50:31+00:00,249180.166,0.0300040207803249,,,,,,,,,,,,,,,,,,,
342,1.0334885384615315,1,/oscar/scratch/eaguerov/supercompressible_oracle/lin_c0e4a697b7a34df7a51c7cb36a5205ec/SUPERCOMPRESSIBLE_LIN_BUCKLE,False,False,/oscar/scratch/eaguerov/supercompressible_oracle/riks_e396549bbb664b13ac39b8dfccc159b0/SUPERCOMPRESSIBLE_RIKS.odb,0.3429169421962903,0.0196543633937835,False,False,0.0,0.0,D000,supercompressible-material,2026-08-04T01:50:37+00:00,221381.609,0.0410840883851051,,,,,,,,,,,,,,,,,,,
343,0.0331203558640142,1,/oscar/scratch/eaguerov/supercompressible_oracle/lin_5335c1d5844d41a3a582db7a30687afe/SUPERCOMPRESSIBLE_LIN_BUCKLE,False,False,/oscar/scratch/eaguerov/supercompressible_oracle/riks_515b94ded18e49d089160c86ce4b9f4c/SUPERCOMPRESSIBLE_RIKS.odb,1.0563190941951612,0.0199901368468999,True,True,0.0,0.0,D000,supercompressible-material,2026-08-04T01:50:46+00:00,51767.799,,,,,,,,,,,,,,,,,,,,
344,0.033335957760256,1,/oscar/scratch/eaguerov/supercompressible_oracle/lin_e346428ae8c74c1aaa3679c2cd9ccc8b/SUPERCOMPRESSIBLE_LIN_BUCKLE,False,False,/oscar/scratch/eaguerov/supercompressible_oracle/riks_934c7dddc04c46769b7ce7289c2c050d/SUPERCOMPRESSIBLE_RIKS.odb,1.0483322260590109,0.0200202837586402,True,True,0.0,0.0,D000,supercompressible-material,2026-08-04T01:51:00+00:00,51855.167,,,,,,,,,,,,,,,,,,,,
345,0.0330668798031353,1,/oscar/scratch/eaguerov/supercompressible_oracle/lin_c54760f48e62414d95b6c54a5d7e5607/SUPERCOMPRESSIBLE_LIN_BUCKLE,False,False,/oscar/scratch/eaguerov/supercompressible_oracle/riks_5d3c92b5f38c455c91a1f86d95892ead/SUPERCOMPRESSIBLE_RIKS.odb,1.0693145254777991,0.0200218297541141,True,True,0.0,0.0,D000,supercompressible-material,2026-08-04T01:51:20+00:00,51834.909,,,,,,,,,,,,,,,,,,,,
346,1.4690637867154308,1,/oscar/scratch/eaguerov/supercompressible_oracle/lin_985d3053ab5f4385a9702a2c91d7578d/SUPERCOMPRESSIBLE_LIN_BUCKLE,False,False,/oscar/scratch/eaguerov/supercompressible_oracle/riks_8b2c8624ba0544dd866decc2f31e0722/SUPERCOMPRESSIBLE_RIKS.odb,1.0899068332581336,0.0371287241578102,True,True,0.0,0.0,D000,supercompressible-material,2026-08-04T01:51:27+00:00,132610.265,0.0958183780312538,,,,,,,,,,,,,,,,,,,
347,0.0333478413293402,1,/oscar/scratch/eaguerov/supercompressible_oracle/lin_27ab4f41e8be489ab4742d672ceb2685/SUPERCOMPRESSIBLE_LIN_BUCKLE,False,False,/oscar/scratch/eaguerov/supercompressible_oracle/riks_22e4d40fd949497a8f24cd5ce5e59b8e/SUPERCOMPRESSIBLE_RIKS.odb,1.0516672992423788,0.0200309175997972,True,True,0.0,0.0,D000,supercompressible-material,2026-08-04T01:51:29+00:00,51743.987,,,,,,,,,,,,,,,,,,,,
348,1.6317838005325844,1,/oscar/scratch/eaguerov/supercompressible_oracle/lin_3a29e12a6ff84e839cf30ed4335523fd/SUPERCOMPRESSIBLE_LIN_BUCKLE,False,False,/oscar/scratch/eaguerov/supercompressible_oracle/riks_447b9ddc09b24f20abd30fafc30549dd/SUPERCOMPRESSIBLE_RIKS.odb,1.1161884258492003,0.0268115848302841,True,True,0.0,1.0,D000,supercompressible-material,2026-08-04T01:51:31+00:00,135166.404,0.0666042268276214,,,,,,,,,,,,,,,,,,,
349,0.0295790522769241,1,/oscar/scratch/eaguerov/supercompressible_oracle/lin_708c56f0d9084f8e8f28ee7aed5c924c/SUPERCOMPRESSIBLE_LIN_BUCKLE,False,False,/oscar/scratch/eaguerov/supercompressible_oracle/riks_b753265cd02e4c5bbe1c34b3d52e5ae9/SUPERCOMPRESSIBLE_RIKS.odb,1.003681930212904,0.0169590003788471,True,True,0.0,0.0,D000,supercompressible-material,2026-08-04T01:51:35+00:00,39156.496,,,,,,,,,,,,,,,,,,,,
350,0.79963687541184,1,/oscar/scratch/eaguerov/supercompressible_oracle/lin_cced3c3612294854b520600e2e02f1b5/SUPERCOMPRESSIBLE_LIN_BUCKLE,False,False,/oscar/scratch/eaguerov/supercompressible_oracle/riks_237804204b024d18b3dbdb5bc43c2b7c/SUPERCOMPRESSIBLE_RIKS.odb,0.5900425551941427,0.0174022279679775,False,False,0.0,0.0,D000,supercompressible-material,2026-08-04T01:51:36+00:00,279151.738,0.0338324792683124,,,,,,,,,,,,,,,,,,,
351,0.0337357549773028,1,/oscar/scratch/eaguerov/supercompressible_oracle/lin_61f18e74ec064baa80f098bb72a45e31/SUPERCOMPRESSIBLE_LIN_BUCKLE,False,False,/oscar/scratch/eaguerov/supercompressible_oracle/riks_b6e75cc0e7ac4920866a238b6a9decbf/SUPERCOMPRESSIBLE_RIKS.odb,1.0222402175015253,0.0160590149462223,True,True,0.0,0.0,D000,supercompressible-material,2026-08-04T01:51:36+00:00,40280.937,,,,,,,,,,,,,,,,,,,,
352,0.0331309661935536,1,/oscar/scratch/eaguerov/supercompressible_oracle/lin_1ad2e9ceceba451e9e8cc659bcd83011/SUPERCOMPRESSIBLE_LIN_BUCKLE,False,False,/oscar/scratch/eaguerov/supercompressible_oracle/riks_ac734a680f1f4689b2bb002b155747fc/SUPERCOMPRESSIBLE_RIKS.odb,1.048317243613735,0.019968269392848,True,True,0.0,0.0,D000,supercompressible-material,2026-08-04T01:51:43+00:00,53302.338,,,,,,,,,,,,,,,,,,,,
353,0.0846704297248883,1,/oscar/scratch/eaguerov/supercompressible_oracle/lin_a09935811d1b4fa3aad80f611ee6e2e8/SUPERCOMPRESSIBLE_LIN_BUCKLE,False,False,/oscar/scratch/eaguerov/supercompressible_oracle/riks_172aa7bf34e64f23bff6a897eb5d7e05/SUPERCOMPRESSIBLE_RIKS.odb,1.1155757143242695,0.022056121379137,True,True,0.0,0.0,D000,supercompressible-material,2026-08-04T01:51:44+00:00,47939.308,,,,,,,,,,,,,,,,,,,,
354,0.1033828069006794,1,/oscar/scratch/eaguerov/supercompressible_oracle/lin_cbe346b34ac640f99d922aee9b3952d9/SUPERCOMPRESSIBLE_LIN_BUCKLE,False,False,/oscar/scratch/eaguerov/supercompressible_oracle/riks_30a2f85ba6fa42d5b5e2bf63a56ee392/SUPERCOMPRESSIBLE_RIKS.odb,1.0186312732516871,0.0226398464292287,True,True,0.0,0.0,D000,supercompressible-material,2026-08-04T01:51:46+00:00,50517.713,,,,,,,,,,,,,,,,,,,,
355,0.0574103710721084,1,/oscar/scratch/eaguerov/supercompressible_oracle/lin_ade762c9cdee4c648d1c474993560192/SUPERCOMPRESSIBLE_LIN_BUCKLE,False,False,/oscar/scratch/eaguerov/supercompressible_oracle/riks_b6a3e6c2e4ca4afa93350f414a96ecb4/SUPERCOMPRESSIBLE_RIKS.odb,1.0101907098687724,0.0197069253772497,True,True,0.0,0.0,D000,supercompressible-material,2026-08-04T01:51:48+00:00,52843.563,,,,,,,,,,,,,,,,,,,,
356,0.1723584371707989,1,/oscar/scratch/eaguerov/supercompressible_oracle/lin_17610488f44e4cfab153f2181c99e38c/SUPERCOMPRESSIBLE_LIN_BUCKLE,False,False,/oscar/scratch/eaguerov/supercompressible_oracle/riks_2154fdf9066d453989a071b00332fa94/SUPERCOMPRESSIBLE_RIKS.odb,1.0348119811814165,0.0238443501293659,True,True,0.0,0.0,D000,supercompressible-material,2026-08-04T01:51:49+00:00,53226.68,,,,,,,,,,,,,,,,,,,,
357,0.1549532525942693,1,/oscar/scratch/eaguerov/supercompressible_oracle/lin_26246ba973c7498c8768c56136ecf0f1/SUPERCOMPRESSIBLE_LIN_BUCKLE,False,False,/oscar/scratch/eaguerov/supercompressible_oracle/riks_3e59510ce3d6464a9c889d94d574958e/SUPERCOMPRESSIBLE_RIKS.odb,1.037853069365036,0.0225039403885602,True,True,0.0,0.0,D000,supercompressible-material,2026-08-04T01:51:50+00:00,52598.512,,,,,,,,,,,,,,,,,,,,
358,0.0576692631128713,1,/oscar/scratch/eaguerov/supercompressible_oracle/lin_d486b5f2235a4d70bdf32fdefca94ddd/SUPERCOMPRESSIBLE_LIN_BUCKLE,False,False,/oscar/scratch/eaguerov/supercompressible_oracle/riks_363a56c1e18f41b49510814db939b903/SUPERCOMPRESSIBLE_RIKS.odb,1.07461752454763,0.0181933399289846,True,True,0.0,0.0,D000,supercompressible-material,2026-08-04T01:51:51+00:00,54467.927,,,,,,,,,,,,,,,,,,,,
359,0.1153767234120846,1,/oscar/scratch/eaguerov/supercompressible_oracle/lin_677943c7b04d44ff868858a246fa16a7/SUPERCOMPRESSIBLE_LIN_BUCKLE,False,False,/oscar/scratch/eaguerov/supercompressible_oracle/riks_6f7c49050a044b359a6ad0f906ddd939/SUPERCOMPRESSIBLE_RIKS.odb,1.0351188836984455,0.0236313585191965,True,True,0.0,0.0,D000,supercompressible-material,2026-08-04T01:51:51+00:00,55270.295,,,,,,,,,,,,,,,,,,,,
360,0.0223869465018967,1,/oscar/scratch/eaguerov/supercompressible_oracle/lin_6b85f36035a348b2a80c15c55a0d574b/SUPERCOMPRESSIBLE_LIN_BUCKLE,False,False,/oscar/scratch/eaguerov/supercompressible_oracle/riks_ef41cbc0c3194d9eab0fccf5e2555f3d/SUPERCOMPRESSIBLE_RIKS.odb,1.0860597769181406,0.015227404423058,True,True,0.0,0.0,D000,supercompressible-material,2026-08-04T01:51:53+00:00,54948.672,,,,,,,,,,,,,,,,,,,,
361,0.052903103083746,1,/oscar/scratch/eaguerov/supercompressible_oracle/lin_f4d457dd4fec4bb099f60511cb801eb7/SUPERCOMPRESSIBLE_LIN_BUCKLE,False,False,/oscar/scratch/eaguerov/supercompressible_oracle/riks_f28518dbf8f34dfaa18a5efa4f9e5983/SUPERCOMPRESSIBLE_RIKS.odb,1.0299978274652828,0.0173913296312093,True,True,0.0,0.0,D000,supercompressible-material,2026-08-04T01:51:53+00:00,57116.515,,,,,,,,,,,,,,,,,,,,
362,0.0896318198175396,1,/oscar/scratch/eaguerov/supercompressible_oracle/lin_0d11b5bbead14b1fbe63f256103ca702/SUPERCOMPRESSIBLE_LIN_BUCKLE,False,False,/oscar/scratch/eaguerov/supercompressible_oracle/riks_b3ef6444a7fe4b57aae21d9624bd769d/SUPERCOMPRESSIBLE_RIKS.odb,1.0321461588193752,0.0217406935989856,True,True,0.0,0.0,D000,supercompressible-material,2026-08-04T01:51:53+00:00,56841.564,,,,,,,,,,,,,,,,,,,,
363,0.037954422002192,1,/oscar/scratch/eaguerov/supercompressible_oracle/lin_031514c8742a429aa0ebc08487101a87/SUPERCOMPRESSIBLE_LIN_BUCKLE,False,False,/oscar/scratch/eaguerov/supercompressible_oracle/riks_8c71da4d01784420bb26f369ca75cbce/SUPERCOMPRESSIBLE_RIKS.odb,1.0278238413369842,0.0161655452102422,True,True,0.0,0.0,D000,supercompressible-material,2026-08-04T01:51:54+00:00,58218.553,,,,,,,,,,,,,,,,,,,,
364,0.0969911443861089,1,/oscar/scratch/eaguerov/supercompressible_oracle/lin_af1580e67aa143b381e68d7ad2f5ce39/SUPERCOMPRESSIBLE_LIN_BUCKLE,False,False,/oscar/scratch/eaguerov/supercompressible_oracle/riks_c24af1b9aa3e44ce9308935389ba5970/SUPERCOMPRESSIBLE_RIKS.odb,1.0984584340652628,0.0200301613658666,True,True,0.0,0.0,D000,supercompressible-material,2026-08-04T01:51:55+00:00,58251.033,,,,,,,,,,,,,,,,,,,,
365,0.0332863014180113,1,/oscar/scratch/eaguerov/supercompressible_oracle/lin_07900b6efe7e488184af3a580abc7c89/SUPERCOMPRESSIBLE_LIN_BUCKLE,False,False,/oscar/scratch/eaguerov/supercompressible_oracle/riks_87ea7603098e450ca35db4dd2db83fa4/SUPERCOMPRESSIBLE_RIKS.odb,1.0482669575966654,0.0200106613337993,True,True,0.0,0.0,D000,supercompressible-material,2026-08-04T01:51:55+00:00,51320.785,,,,,,,,,,,,,,,,,,,,
366,0.0438333933934158,1,/oscar/scratch/eaguerov/supercompressible_oracle/lin_735763db0361408987ededc278e43f75/SUPERCOMPRESSIBLE_LIN_BUCKLE,False,False,/oscar/scratch/eaguerov/supercompressible_oracle/riks_c4af5f68ae0c41759ab2448e372e8521/SUPERCOMPRESSIBLE_RIKS.odb,1.040716814795257,0.0172394532710313,True,True,0.0,0.0,D000,supercompressible-material,2026-08-04T01:51:56+00:00,59371.016,,,,,,,,,,,,,,,,,,,,
367,1.0205439364233908,1,/oscar/scratch/eaguerov/supercompressible_oracle/lin_89d6cfa9d5224df483fc2950fced116c/SUPERCOMPRESSIBLE_LIN_BUCKLE,False,False,/oscar/scratch/eaguerov/supercompressible_oracle/riks_9cdbbc85bc6242ebb55b5310ad8331b9/SUPERCOMPRESSIBLE_RIKS.odb,0.3510876579123911,0.0127105861902236,False,False,0.0,0.0,D000,supercompressible-material,2026-08-04T01:52:01+00:00,218090.965,0.0431349091231823,,,,,,,,,,,,,,,,,,,
368,0.0331751051644378,1,/oscar/scratch/eaguerov/supercompressible_oracle/lin_161da211a8024fafabecb04900bd9fc3/SUPERCOMPRESSIBLE_LIN_BUCKLE,False,False,/oscar/scratch/eaguerov/supercompressible_oracle/riks_4243cfa48dd4424eace81446c51c15cd/SUPERCOMPRESSIBLE_RIKS.odb,1.012579367573789,0.0200455877929925,True,True,0.0,0.0,D000,supercompressible-material,2026-08-04T01:52:08+00:00,51114.382,,,,,,,,,,,,,,,,,,,,
369,1.1168432873235268,1,/oscar/scratch/eaguerov/supercompressible_oracle/lin_857eed81935a4b78b64fc944bef366f9/SUPERCOMPRESSIBLE_LIN_BUCKLE,False,False,/oscar/scratch/eaguerov/supercompressible_oracle/riks_106692ec1abd482592a2a32a81a4a88b/SUPERCOMPRESSIBLE_RIKS.odb,0.3745377234443409,0.014925948344171,False,False,0.0,0.0,D000,supercompressible-material,2026-08-04T01:52:26+00:00,230236.829,0.0456068590283393,,,,,,,,,,,,,,,,,,,
370,0.1070200278668062,1,/oscar/scratch/eaguerov/supercompressible_oracle/lin_ddb7b990b27f4dd49af700751a0ad2f8/SUPERCOMPRESSIBLE_LIN_BUCKLE,False,False,/oscar/scratch/eaguerov/supercompressible_oracle/riks_96a5482ba9ca412c8e97e535daa0ab2a/SUPERCOMPRESSIBLE_RIKS.odb,0.4792229148314612,0.0164610240608453,False,False,0.0,0.0,D000,supercompressible-material,2026-08-04T01:52:41+00:00,104949.595,,,,,,,,,,,,,,,,,,,,
371,0.0194258157340243,1,/oscar/scratch/eaguerov/supercompressible_oracle/lin_c2e7a4058f45447c84f074f89b42c303/SUPERCOMPRESSIBLE_LIN_BUCKLE,False,False,/oscar/scratch/eaguerov/supercompressible_oracle/riks_68ab0a92ddb44821b3c7868f179fbb32/SUPERCOMPRESSIBLE_RIKS.odb,1.0171295230169617,0.0138875218108296,True,True,0.0,0.0,D000,supercompressible-material,2026-08-04T01:53:04+00:00,54296.098,,,,,,,,,,,,,,,,,,,,
372,0.0185273330286229,1,/oscar/scratch/eaguerov/supercompressible_oracle/lin_b13a4b34dce0495fb83db54c1216903f/SUPERCOMPRESSIBLE_LIN_BUCKLE,False,False,/oscar/scratch/eaguerov/supercompressible_oracle/riks_3005b99ff7374a19a985d2eb4d012251/SUPERCOMPRESSIBLE_RIKS.odb,1.0178635515324097,0.0123966038227081,True,True,0.0,0.0,D000,supercompressible-material,2026-08-04T01:53:17+00:00,55168.642,,,,,,,,,,,,,,,,,,,,
373,0.0978824120674235,1,/oscar/scratch/eaguerov/supercompressible_oracle/lin_a69799b5598d40278a1512e3539bafd3/SUPERCOMPRESSIBLE_LIN_BUCKLE,False,False,/oscar/scratch/eaguerov/supercompressible_oracle/riks_b7ce798dc0314ffcbf477103f7e10681/SUPERCOMPRESSIBLE_RIKS.odb,1.1335149200926868,0.019334502518177,True,True,0.0,0.0,D000,supercompressible-material,2026-08-04T01:53:21+00:00,48554.6,,,,,,,,,,,,,,,,,,,,
374,0.0977678205083973,1,/oscar/scratch/eaguerov/supercompressible_oracle/lin_ef0a2c25653f4895b4f23e1b85f74f4e/SUPERCOMPRESSIBLE_LIN_BUCKLE,False,False,/oscar/scratch/eaguerov/supercompressible_oracle/riks_00d23ac19c0444aa84f2fd2e6631b1e6/SUPERCOMPRESSIBLE_RIKS.odb,1.03134325411597,0.0198020786046981,True,True,0.0,0.0,D000,supercompressible-material,2026-08-04T01:53:38+00:00,55466.481,,,,,,,,,,,,,,,,,,,,
375,1.0825082609338352,1,/oscar/scratch/eaguerov/supercompressible_oracle/lin_755486663f2f4a0dafe231142f7c0781/SUPERCOMPRESSIBLE_LIN_BUCKLE,False,False,/oscar/scratch/eaguerov/supercompressible_oracle/riks_33550af24d7a4b059c5a2aed02986983/SUPERCOMPRESSIBLE_RIKS.odb,0.3724705894253778,0.0166407935321331,False,False,0.0,0.0,D000,supercompressible-material,2026-08-04T01:53:46+00:00,227938.855,0.0222203470766544,,,,,,,,,,,,,,,,,,,
376,0.0787668423691329,1,/oscar/scratch/eaguerov/supercompressible_oracle/lin_2a4eabf5b23f4f508b3cb5b51cd1fd40/SUPERCOMPRESSIBLE_LIN_BUCKLE,False,False,/oscar/scratch/eaguerov/supercompressible_oracle/riks_977c37dfa1a045ba95bdd99f197a041a/SUPERCOMPRESSIBLE_RIKS.odb,1.139452301188738,0.0185837261378765,True,True,0.0,0.0,D000,supercompressible-material,2026-08-04T01:53:51+00:00,52528.925,,,,,,,,,,,,,,,,,,,,
377,0.0948521019509538,1,/oscar/scratch/eaguerov/supercompressible_oracle/lin_8f79d4f666fd40c0b011624e777231d4/SUPERCOMPRESSIBLE_LIN_BUCKLE,False,False,/oscar/scratch/eaguerov/supercompressible_oracle/riks_535de0425a704c2dbe3c474276191100/SUPERCOMPRESSIBLE_RIKS.odb,1.0313505802278486,0.0196832865476608,True,True,0.0,0.0,D000,supercompressible-material,2026-08-04T01:54:06+00:00,56977.615,,,,,,,,,,,,,,,,,,,,
378,0.0741577152171916,1,/oscar/scratch/eaguerov/supercompressible_oracle/lin_93a463e7bf6a4770bc77e38bef89a1e8/SUPERCOMPRESSIBLE_LIN_BUCKLE,False,False,/oscar/scratch/eaguerov/supercompressible_oracle/riks_dff1981d99114c36a92e25a302733313/SUPERCOMPRESSIBLE_RIKS.odb,1.139993003111875,0.0187180303037166,True,True,0.0,0.0,D000,supercompressible-material,2026-08-04T01:54:12+00:00,52934.938,,,,,,,,,,,,,,,,,,,,
379,0.0779307484014235,1,/oscar/scratch/eaguerov/supercompressible_oracle/lin_16490d628f7646d684167b3cb1216225/SUPERCOMPRESSIBLE_LIN_BUCKLE,False,False,/oscar/scratch/eaguerov/supercompressible_oracle/riks_79c6ec1559ff455ea4259193cfbedfcc/SUPERCOMPRESSIBLE_RIKS.odb,1.059892600902308,0.019132025539875,True,True,0.0,0.0,D000,supercompressible-material,2026-08-04T01:54:20+00:00,49753.893,,,,,,,,,,,,,,,,,,,,
380,0.0729226728587985,1,/oscar/scratch/eaguerov/supercompressible_oracle/lin_c70f635934e8420f87614d5befe0a636/SUPERCOMPRESSIBLE_LIN_BUCKLE,False,False,/oscar/scratch/eaguerov/supercompressible_oracle/riks_489aa095123f428097da308125b91a00/SUPERCOMPRESSIBLE_RIKS.odb,1.0089669050605117,0.0181242749094963,True,True,0.0,0.0,D000,supercompressible-material,2026-08-04T01:54:30+00:00,52180.493,,,,,,,,,,,,,,,,,,,,
381,0.0994569849710793,1,/oscar/scratch/eaguerov/supercompressible_oracle/lin_30a443f692f14935a53ab709af66816a/SUPERCOMPRESSIBLE_LIN_BUCKLE,False,False,/oscar/scratch/eaguerov/supercompressible_oracle/riks_91833b19bd7b4f8a8ae21dd4820d82fb/SUPERCOMPRESSIBLE_RIKS.odb,1.0158757709286377,0.0196705665439367,True,True,0.0,0.0,D000,supercompressible-material,2026-08-04T01:54:44+00:00,48377.383,,,,,,,,,,,,,,,,,,,,
382,0.0838852653389683,1,/oscar/scratch/eaguerov/supercompressible_oracle/lin_479805ffb37b43f0a5e8b09f1ecba650/SUPERCOMPRESSIBLE_LIN_BUCKLE,False,False,/oscar/scratch/eaguerov/supercompressible_oracle/riks_da2817a15b0f4526923c6f4f2c6d2893/SUPERCOMPRESSIBLE_RIKS.odb,1.0247988812490176,0.0190106332302093,True,True,0.0,0.0,D000,supercompressible-material,2026-08-04T01:54:59+00:00,52489.446,,,,,,,,,,,,,,,,,,,,
383,0.0931968905427981,1,/oscar/scratch/eaguerov/supercompressible_oracle/lin_17590fdd098a4e63a48cc4ac41fbdf02/SUPERCOMPRESSIBLE_LIN_BUCKLE,False,False,/oscar/scratch/eaguerov/supercompressible_oracle/riks_1d44b413633547c79dc1067fe9801fd9/SUPERCOMPRESSIBLE_RIKS.odb,1.1077802692564724,0.0198850277811288,True,True,0.0,0.0,D000,supercompressible-material,2026-08-04T01:55:17+00:00,56348.539,,,,,,,,,,,,,,,,,,,,
384,0.0762967576523467,1,/oscar/scratch/eaguerov/supercompressible_oracle/lin_47c88027380f497485473b6bad8960cc/SUPERCOMPRESSIBLE_LIN_BUCKLE,False,False,/oscar/scratch/eaguerov/supercompressible_oracle/riks_bf1d0edb5ec74b41ae5db27d587c33cc/SUPERCOMPRESSIBLE_RIKS.odb,1.0551936140253406,0.0192527286708354,True,True,0.0,0.0,D000,supercompressible-material,2026-08-04T01:55:26+00:00,50628.151,,,,,,,,,,,,,,,,,,,,
385,0.0913040077529585,1,/oscar/scratch/eaguerov/supercompressible_oracle/lin_258da7fdad0d4e37a5398cc683b9c5f0/SUPERCOMPRESSIBLE_LIN_BUCKLE,False,False,/oscar/scratch/eaguerov/supercompressible_oracle/riks_40827de259f44c59b876b6792807e798/SUPERCOMPRESSIBLE_RIKS.odb,1.1019590187383634,0.0188694782555103,True,True,0.0,0.0,D000,supercompressible-material,2026-08-04T01:55:34+00:00,50814.923,,,,,,,,,,,,,,,,,,,,
386,0.0940372286423233,1,/oscar/scratch/eaguerov/supercompressible_oracle/lin_4cd1e6ec41424cd3bdac460985b14a63/SUPERCOMPRESSIBLE_LIN_BUCKLE,False,False,/oscar/scratch/eaguerov/supercompressible_oracle/riks_e7617953dc7046ce9028b8c6ccc25a14/SUPERCOMPRESSIBLE_RIKS.odb,1.036068610726716,0.0195888504385948,True,True,0.0,0.0,D000,supercompressible-material,2026-08-04T01:55:47+00:00,51976.01,,,,,,,,,,,,,,,,,,,,
387,0.1105808544602488,1,/oscar/scratch/eaguerov/supercompressible_oracle/lin_0e07bab5d7ca47fbb3b08ae8f1ccee13/SUPERCOMPRESSIBLE_LIN_BUCKLE,False,False,/oscar/scratch/eaguerov/supercompressible_oracle/riks_fd191da45cbb405887d69733d0f3bb5b/SUPERCOMPRESSIBLE_RIKS.odb,1.1065896952613297,0.0218819938600063,True,True,0.0,0.0,D000,supercompressible-material,2026-08-04T01:55:57+00:00,53676.297,,,,,,,,,,,,,,,,,,,,
388,0.1710300239124586,1,/oscar/scratch/eaguerov/supercompressible_oracle/lin_a79a99d73a1c4e5d991155b7ada85385/SUPERCOMPRESSIBLE_LIN_BUCKLE,False,False,/oscar/scratch/eaguerov/supercompressible_oracle/riks_d1566722f0ae43379993a2c4e70d4afa/SUPERCOMPRESSIBLE_RIKS.odb,1.155334084216338,0.027198202908039,True,True,0.0,1.0,D000,supercompressible-material,2026-08-04T01:56:11+00:00,57433.12,,,,,,,,,,,,,,,,,,,,
389,0.1119092677185892,1,/oscar/scratch/eaguerov/supercompressible_oracle/lin_83f1de80287e449fa29ad30d2226416a/SUPERCOMPRESSIBLE_LIN_BUCKLE,False,False,/oscar/scratch/eaguerov/supercompressible_oracle/riks_401ae9c114e04e11b3ce7e16c3e15175/SUPERCOMPRESSIBLE_RIKS.odb,1.1065907490497613,0.0215453989803791,True,True,0.0,0.0,D000,supercompressible-material,2026-08-04T01:56:15+00:00,52304.852,,,,,,,,,,,,,,,,,,,,
390,0.1395215893120791,1,/oscar/scratch/eaguerov/supercompressible_oracle/lin_940c3c031a224b77aa74973769a04de8/SUPERCOMPRESSIBLE_LIN_BUCKLE,False,False,/oscar/scratch/eaguerov/supercompressible_oracle/riks_2158a70d869e4889aa905a0bb55125d3/SUPERCOMPRESSIBLE_RIKS.odb,1.0284654236885695,0.0263038948178291,True,True,0.0,0.0,D000,supercompressible-material,2026-08-04T01:56:28+00:00,54274.424,,,,,,,,,,,,,,,,,,,,
391,0.0741789358762705,1,/oscar/scratch/eaguerov/supercompressible_oracle/lin_fd298b040f5a483e841f8c7054f0b53b/SUPERCOMPRESSIBLE_LIN_BUCKLE,False,False,/oscar/scratch/eaguerov/supercompressible_oracle/riks_f3bbfb22b5a744698eaa7652a3f7fa80/SUPERCOMPRESSIBLE_RIKS.odb,1.0658672733021486,0.0194273330271244,True,True,0.0,0.0,D000,supercompressible-material,2026-08-04T01:56:31+00:00,49564.093,,,,,,,,,,,,,,,,,,,,
392,0.1106232957784067,1,/oscar/scratch/eaguerov/supercompressible_oracle/lin_b6db078edc854cd88cebbc64263bd2e6/SUPERCOMPRESSIBLE_LIN_BUCKLE,False,False,/oscar/scratch/eaguerov/supercompressible_oracle/riks_2a91d5b3035c4ae6884504c6be3f087e/SUPERCOMPRESSIBLE_RIKS.odb,1.1347833334195554,0.0198703911155462,True,True,0.0,0.0,D000,supercompressible-material,2026-08-04T01:56:40+00:00,50397.53,,,,,,,,,,,,,,,,,,,,
393,0.0943215854739808,1,/oscar/scratch/eaguerov/supercompressible_oracle/lin_54122e0c53ad405e842f7bb2444e723a/SUPERCOMPRESSIBLE_LIN_BUCKLE,False,False,/oscar/scratch/eaguerov/supercompressible_oracle/riks_3c6a970482f54e8499d2bdd92fa43d88/SUPERCOMPRESSIBLE_RIKS.odb,1.086219121847711,0.0230943746864795,True,True,0.0,0.0,D000,supercompressible-material,2026-08-04T01:56:58+00:00,53394.375,,,,,,,,,,,,,,,,,,,,
394,0.1101988825968283,1,/oscar/scratch/eaguerov/supercompressible_oracle/lin_733776e6d75949f7a5971ea34c7845b4/SUPERCOMPRESSIBLE_LIN_BUCKLE,False,False,/oscar/scratch/eaguerov/supercompressible_oracle/riks_706bb0b8b4eb48c8aa4c29911443563e/SUPERCOMPRESSIBLE_RIKS.odb,1.1041442738269531,0.0247344840317964,True,True,0.0,0.0,D000,supercompressible-material,2026-08-04T01:57:09+00:00,58489.803,,,,,,,,,,,,,,,,,,,,
395,0.0922886463342203,1,/oscar/scratch/eaguerov/supercompressible_oracle/lin_1fec676121f04cafbe681f2e038dfbd4/SUPERCOMPRESSIBLE_LIN_BUCKLE,False,False,/oscar/scratch/eaguerov/supercompressible_oracle/riks_c5811ab36dab4610a4b0ff714bd6c55d/SUPERCOMPRESSIBLE_RIKS.odb,1.0581034932839222,0.0193125288933515,True,True,0.0,0.0,D000,supercompressible-material,2026-08-04T01:57:14+00:00,50062.145,,,,,,,,,,,,,,,,,,,,
396,0.7117409055069559,1,/oscar/scratch/eaguerov/supercompressible_oracle/lin_b9973f9ceb1f46a18b194afcf1b855c8/SUPERCOMPRESSIBLE_LIN_BUCKLE,False,False,/oscar/scratch/eaguerov/supercompressible_oracle/riks_b77c4495afd348c9b13937cb22baa47b/SUPERCOMPRESSIBLE_RIKS.odb,1.0650787965651167,0.0449686609208583,True,True,0.0,0.0,D000,supercompressible-material,2026-08-04T13:04:54+00:00,69282.256,,,,,,,,,,,,,,,,,,,,
397,3.707461347678005,0,/oscar/scratch/eaguerov/supercompressible_oracle/lin_338acbfacb994a23a3834fce7270b41c/SUPERCOMPRESSIBLE_LIN_BUCKLE,,,,,,,,,,D000,supercompressible-material,2026-08-04T13:05:16+00:00,12989.131,,,,,,,,,,,,,,,,,,,,
398,21.218537013011485,0,/oscar/scratch/eaguerov/supercompressible_oracle/lin_480b500998664e8aa0b60be2716225f8/SUPERCOMPRESSIBLE_LIN_BUCKLE,,,,,,,,,,D000,supercompressible-material,2026-08-04T13:05:18+00:00,14173.188,,,,,,,,,,,,,,,,,,,,
399,0.6256274709647011,1,/oscar/scratch/eaguerov/supercompressible_oracle/lin_5291ab668f6d416aa7e2dcae185d4e16/SUPERCOMPRESSIBLE_LIN_BUCKLE,False,False,/oscar/scratch/eaguerov/supercompressible_oracle/riks_97f8cc347b6f4e6aa0f4bc1899a34326/SUPERCOMPRESSIBLE_RIKS.odb,0.100981706524762,0.0137327471747994,False,False,0.0,0.0,D000,supercompressible-material,2026-08-04T13:05:40+00:00,94271.254,,,,,,,,,,,,,,,,,,,,
400,0.1583528021787121,0,/oscar/scratch/eaguerov/supercompressible_oracle/lin_e5e8be52ad684ce68eae5512e8b2b941/SUPERCOMPRESSIBLE_LIN_BUCKLE,,,,,,,,,,D000,supercompressible-material,2026-08-04T13:05:47+00:00,12014.459,,,,,,,,,,,,,,,,,,,,
401,0.1463206884809648,1,/oscar/scratch/eaguerov/supercompressible_oracle/lin_1d62e28494b94e9490fbf620c565536c/SUPERCOMPRESSIBLE_LIN_BUCKLE,False,False,/oscar/scratch/eaguerov/supercompressible_oracle/riks_4dd065ba8d86428dba7ab4f28e1f3a42/SUPERCOMPRESSIBLE_RIKS.odb,0.1470574697443976,0.0109796952456235,False,False,0.0,0.0,D000,supercompressible-material,2026-08-04T13:05:57+00:00,88897.449,,,,,,,,,,,,,,,,,,,,
402,10.261037491020677,0,/oscar/scratch/eaguerov/supercompressible_oracle/lin_9d73b77cee264d8e9eeed70d6e76f385/SUPERCOMPRESSIBLE_LIN_BUCKLE,,,,,,,,,,D000,supercompressible-material,2026-08-04T13:06:15+00:00,14505.926,,,,,,,,,,,,,,,,,,,,
403,0.0334025906297638,1,/oscar/scratch/eaguerov/supercompressible_oracle/lin_3383b71ca74842ae8bb5266e4636c533/SUPERCOMPRESSIBLE_LIN_BUCKLE,False,False,/oscar/scratch/eaguerov/supercompressible_oracle/riks_af9f3f7b0ba549508d73857090036357/SUPERCOMPRESSIBLE_RIKS.odb,0.2297658085030365,0.0097746746614575,False,False,0.0,0.0,D000,supercompressible-material,2026-08-04T13:06:16+00:00,99809.53,,,,,,,,,,,,,,,,,,,,
404,14.791223791188385,1,/oscar/scratch/eaguerov/supercompressible_oracle/lin_8aa03b5d845f4874a997fd9e0febe23d/SUPERCOMPRESSIBLE_LIN_BUCKLE,False,False,/oscar/scratch/eaguerov/supercompressible_oracle/riks_58d76661c94a4ddab2f73a912a140eea/SUPERCOMPRESSIBLE_RIKS.odb,0.2859693315288205,0.0465015843510627,False,False,0.0,0.0,D000,supercompressible-material,2026-08-04T13:06:17+00:00,109441.175,,,,,,,,,,,,,,,,,,,,
405,0.0510696381393273,1,/oscar/scratch/eaguerov/supercompressible_oracle/lin_fdad280728c34856a45bf64a5acd88fa/SUPERCOMPRESSIBLE_LIN_BUCKLE,False,False,/oscar/scratch/eaguerov/supercompressible_oracle/riks_6a2ff778f7944d38b0a8d7ce34f913ae/SUPERCOMPRESSIBLE_RIKS.odb,1.0357377194698263,0.0237319972366094,True,True,0.0,0.0,D000,supercompressible-material,2026-08-04T13:06:39+00:00,76094.322,,,,,,,,,,,,,,,,,,,,
406,0.030802211066233,1,/oscar/scratch/eaguerov/supercompressible_oracle/lin_8621897a7bca422dbdc4a4037ef7811a/SUPERCOMPRESSIBLE_LIN_BUCKLE,False,False,/oscar/scratch/eaguerov/supercompressible_oracle/riks_82ee2aec55c54984a4149f689c5e497f/SUPERCOMPRESSIBLE_RIKS.odb,1.0265402917121778,0.0196273811161518,True,True,0.0,0.0,D000,supercompressible-material,2026-08-04T13:06:58+00:00,56882.473,,,,,,,,,,,,,,,,,,,,
407,26.26565856834167,1,/oscar/scratch/eaguerov/supercompressible_oracle/lin_71ef109c46fd44b0bc6267a91ab31508/SUPERCOMPRESSIBLE_LIN_BUCKLE,False,False,/oscar/scratch/eaguerov/supercompressible_oracle/riks_f6872df3f3c04d77bfdbda909bef6c73/SUPERCOMPRESSIBLE_RIKS.odb,1.1240571455028794,0.1271078288555145,True,True,0.0,1.0,D000,supercompressible-material,2026-08-04T13:07:08+00:00,92975.004,,,,,,,,,,,,,,,,,,,,
408,0.0067867911866199,1,/oscar/scratch/eaguerov/supercompressible_oracle/lin_e3400c4b17d244deb605786173531348/SUPERCOMPRESSIBLE_LIN_BUCKLE,False,False,/oscar/scratch/eaguerov/supercompressible_oracle/riks_30fdc2c35684458ea9de5da175d425a3/SUPERCOMPRESSIBLE_RIKS.odb,1.092711683446683,0.0131318885833024,True,True,0.0,0.0,D000,supercompressible-material,2026-08-04T13:07:09+00:00,60970.21,,,,,,,,,,,,,,,,,,,,
409,0.0119052141564553,1,/oscar/scratch/eaguerov/supercompressible_oracle/lin_e8cb88b637ba4469af808221baac328d/SUPERCOMPRESSIBLE_LIN_BUCKLE,False,False,/oscar/scratch/eaguerov/supercompressible_oracle/riks_bbd8fdc43bdc43aea57028ceba8739b2/SUPERCOMPRESSIBLE_RIKS.odb,0.0157760899906464,0.0013175625354051,False,False,0.0,0.0,D000,supercompressible-material,2026-08-04T13:07:10+00:00,160827.853,,,,,,,,,,,,,,,,,,,,
410,0.8197965015368134,1,/oscar/scratch/eaguerov/supercompressible_oracle/lin_b85d203d226c4e45921331eb0b1767cb/SUPERCOMPRESSIBLE_LIN_BUCKLE,False,False,/oscar/scratch/eaguerov/supercompressible_oracle/riks_81d4fe91fad643f8849f6c4db27f3e3a/SUPERCOMPRESSIBLE_RIKS.odb,1.056082096839029,0.0444058552384376,True,True,0.0,0.0,D000,supercompressible-material,2026-08-04T13:07:14+00:00,44787.558,,,,,,,,,,,,,,,,,,,,
411,6.236327290112827,1,/oscar/scratch/eaguerov/supercompressible_oracle/lin_2f7555e85df34fad989ec06566254d6f/SUPERCOMPRESSIBLE_LIN_BUCKLE,False,False,/oscar/scratch/eaguerov/supercompressible_oracle/riks_f545facba395452596f8bc8611b7d60c/SUPERCOMPRESSIBLE_RIKS.odb,1.010093311391824,0.0757459849119186,True,True,0.0,0.0,D000,supercompressible-material,2026-08-04T13:07:14+00:00,55985.72,,,,,,,,,,,,,,,,,,,,
412,0.1171677470383454,1,/oscar/scratch/eaguerov/supercompressible_oracle/lin_9d5fb6bc266648439bc8266b3eff64db/SUPERCOMPRESSIBLE_LIN_BUCKLE,False,False,/oscar/scratch/eaguerov/supercompressible_oracle/riks_7045b14b41754f61b8df71566678a3e9/SUPERCOMPRESSIBLE_RIKS.odb,1.135921906065153,0.027211457490921,True,True,0.0,0.0,D000,supercompressible-material,2026-08-04T13:07:33+00:00,54689.554,,,,,,,,,,,,,,,,,,,,
413,0.0050882896339432,1,/oscar/scratch/eaguerov/supercompressible_oracle/lin_70c959b75a0f4b70afdda2e20b0ae8b7/SUPERCOMPRESSIBLE_LIN_BUCKLE,False,False,/oscar/scratch/eaguerov/supercompressible_oracle/riks_d2a082953da94f48902c3d472c6a476f/SUPERCOMPRESSIBLE_RIKS.odb,0.6268881236328371,0.0097594605758786,False,False,0.0,0.0,D000,supercompressible-material,2026-08-04T13:07:43+00:00,146565.354,,,,,,,,,,,,,,,,,,,,
414,0.5043301836695979,1,/oscar/scratch/eaguerov/supercompressible_oracle/lin_deed6177276f46d8b0c72d2c0f0d90f8/SUPERCOMPRESSIBLE_LIN_BUCKLE,False,False,/oscar/scratch/eaguerov/supercompressible_oracle/riks_d24f9574fb1e471c9b39601b03aa4503/SUPERCOMPRESSIBLE_RIKS.odb,0.8859846581411702,0.047577641904354,False,False,0.0,0.0,D000,supercompressible-material,2026-08-04T13:08:05+00:00,181910.146,,,,,,,,,,,,,,,,,,,,
415,18.3533236241758,1,/oscar/scratch/eaguerov/supercompressible_oracle/lin_0958b7cd801646209b45a2a0463091aa/SUPERCOMPRESSIBLE_LIN_BUCKLE,False,False,/oscar/scratch/eaguerov/supercompressible_oracle/riks_a417a8c0119e4e049aded5647a826b60/SUPERCOMPRESSIBLE_RIKS.odb,0.9169832133496058,0.1412651389837265,False,False,0.0,1.0,D000,supercompressible-material,2026-08-04T13:08:35+00:00,212728.275,,,,,,,,,,,,,,,,,,,,
416,13.10503022077745,1,/oscar/scratch/eaguerov/supercompressible_oracle/lin_1d07728c95d94f5b94d3882714e7b273/SUPERCOMPRESSIBLE_LIN_BUCKLE,False,False,/oscar/scratch/eaguerov/supercompressible_oracle/riks_a8d987992f824cccb641f4ce45fe8d3f/SUPERCOMPRESSIBLE_RIKS.odb,0.2938492668724007,0.0497721880674362,False,False,0.0,0.0,D000,supercompressible-material,2026-08-04T13:08:42+00:00,99078.104,,,,,,,,,,,,,,,,,,,,
417,2.8246819299949584,1,/oscar/scratch/eaguerov/supercompressible_oracle/lin_5b0652fb72c74a0194593a1f279ea17e/SUPERCOMPRESSIBLE_LIN_BUCKLE,False,False,/oscar/scratch/eaguerov/supercompressible_oracle/riks_1461e4c33a054139a33dba2ecc15016d/SUPERCOMPRESSIBLE_RIKS.odb,0.8084633199216658,0.0749876648187637,False,False,0.0,0.0,D000,supercompressible-material,2026-08-04T13:08:55+00:00,265875.325,,,,,,,,,,,,,,,,,,,,
418,0.701724754421706,1,/oscar/scratch/eaguerov/supercompressible_oracle/lin_4a0bfae261e14c90bc31d50f6d47d2b4/SUPERCOMPRESSIBLE_LIN_BUCKLE,False,False,/oscar/scratch/eaguerov/supercompressible_oracle/riks_9f197f86dab84a108561b1b19b42e30b/SUPERCOMPRESSIBLE_RIKS.odb,1.0510023107452824,0.0479833595454692,True,True,0.0,0.0,D000,supercompressible-material,2026-08-04T13:08:57+00:00,79193.515,,,,,,,,,,,,,,,,,,,,
419,0.6131921647444544,1,/oscar/scratch/eaguerov/supercompressible_oracle/lin_9bcba0a38aa54a97b715e265921d83a7/SUPERCOMPRESSIBLE_LIN_BUCKLE,False,False,/oscar/scratch/eaguerov/supercompressible_oracle/riks_d1f21a4cf2684e9695c768e4976fddbf/SUPERCOMPRESSIBLE_RIKS.odb,1.0224350450197597,0.0470896959304809,True,True,0.0,0.0,D000,supercompressible-material,2026-08-04T13:08:59+00:00,71665.916,,,,,,,,,,,,,,,,,,,,
420,9.12827870938796,1,/oscar/scratch/eaguerov/supercompressible_oracle/lin_9e9a8a7de05144b3a8de145b7a07e3c0/SUPERCOMPRESSIBLE_LIN_BUCKLE,False,False,/oscar/scratch/eaguerov/supercompressible_oracle/riks_a14357dc9b7c4cd5ab02311de3dde63b/SUPERCOMPRESSIBLE_RIKS.odb,0.0743765316251367,0.0151817621663212,False,False,0.0,0.0,D000,supercompressible-material,2026-08-04T13:09:15+00:00,97367.836,,,,,,,,,,,,,,,,,,,,
421,0.0117460592133634,1,/oscar/scratch/eaguerov/supercompressible_oracle/lin_07b986d236c14d4f85fd68a2ac80c2f5/SUPERCOMPRESSIBLE_LIN_BUCKLE,False,False,/oscar/scratch/eaguerov/supercompressible_oracle/riks_2a7a7979b74a41cd9ff1ce8c79033977/SUPERCOMPRESSIBLE_RIKS.odb,1.0672200849052127,0.0151631757616996,True,True,0.0,0.0,D000,supercompressible-material,2026-08-04T13:09:23+00:00,62539.776,,,,,,,,,,,,,,,,,,,,
422,0.7995944340936821,1,/oscar/scratch/eaguerov/supercompressible_oracle/lin_4ebb55d9e165456bb1dd002e2271d76f/SUPERCOMPRESSIBLE_LIN_BUCKLE,False,False,/oscar/scratch/eaguerov/supercompressible_oracle/riks_b533b18aafc7469ca2bf8f8e6accf50f/SUPERCOMPRESSIBLE_RIKS.odb,1.0132701391553072,0.0503106974065303,True,True,0.0,0.0,D000,supercompressible-material,2026-08-04T13:09:26+00:00,129454.405,,,,,,,,,,,,,,,,,,,,
423,0.807021664771304,1,/oscar/scratch/eaguerov/supercompressible_oracle/lin_cbe693519009489b9cffb2eb3287324f/SUPERCOMPRESSIBLE_LIN_BUCKLE,False,False,/oscar/scratch/eaguerov/supercompressible_oracle/riks_94d9f272e22344aca863747093f1d304/SUPERCOMPRESSIBLE_RIKS.odb,1.0143729303664344,0.0525757223367691,True,True,0.0,0.0,D000,supercompressible-material,2026-08-04T13:09:32+00:00,94185.135,,,,,,,,,,,,,,,,,,,,
424,0.2655213746590708,1,/oscar/scratch/eaguerov/supercompressible_oracle/lin_acd6b31fb6d244ad9f673fa503e19543/SUPERCOMPRESSIBLE_LIN_BUCKLE,False,False,/oscar/scratch/eaguerov/supercompressible_oracle/riks_314af875cbf24fe08cec104876acc64e/SUPERCOMPRESSIBLE_RIKS.odb,0.848499690894434,0.0384387597441673,False,False,0.0,0.0,D000,supercompressible-material,2026-08-04T13:09:36+00:00,308094.639,,,,,,,,,,,,,,,,,,,,
425,23.5689372125926,1,/oscar/scratch/eaguerov/supercompressible_oracle/lin_cb4970e73775479081e8b888dca1a85b/SUPERCOMPRESSIBLE_LIN_BUCKLE,False,False,/oscar/scratch/eaguerov/supercompressible_oracle/riks_159f5d82482440e08ca5ff7e0f706880/SUPERCOMPRESSIBLE_RIKS.odb,0.1386692430008058,0.0285495836287736,False,False,0.0,0.0,D000,supercompressible-material,2026-08-04T13:09:41+00:00,137774.878,,,,,,,,,,,,,,,,,,,,
426,0.0602539393886836,1,/oscar/scratch/eaguerov/supercompressible_oracle/lin_4b53daae2ef040fea17c495ed7ff429d/SUPERCOMPRESSIBLE_LIN_BUCKLE,False,False,/oscar/scratch/eaguerov/supercompressible_oracle/riks_5e45531671ae4ff899e1e536eca4d11c/SUPERCOMPRESSIBLE_RIKS.odb,1.0081008479944729,0.0239150468260049,True,True,0.0,0.0,D000,supercompressible-material,2026-08-04T13:10:04+00:00,60337.137,,,,,,,,,,,,,,,,,,,,
427,0.0222065708997259,1,/oscar/scratch/eaguerov/supercompressible_oracle/lin_05900847254e41dfbf8e77c33102429b/SUPERCOMPRESSIBLE_LIN_BUCKLE,False,False,/oscar/scratch/eaguerov/supercompressible_oracle/riks_38841f4f9f464ff8b9248dd581cc1c83/SUPERCOMPRESSIBLE_RIKS.odb,1.0233562959492075,0.0182081945240497,True,True,0.0,0.0,D000,supercompressible-material,2026-08-04T13:10:11+00:00,44889.749,,,,,,,,,,,,,,,,,,,,
428,0.0032469263602154,1,/oscar/scratch/eaguerov/supercompressible_oracle/lin_4952531197e140bb8bda4e72b82f5b33/SUPERCOMPRESSIBLE_LIN_BUCKLE,False,False,/oscar/scratch/eaguerov/supercompressible_oracle/riks_e38bd2433854479ca3e649c90f84b1ed/SUPERCOMPRESSIBLE_RIKS.odb,1.0617964418225292,0.0112363742664456,True,True,0.0,0.0,D000,supercompressible-material,2026-08-04T13:10:19+00:00,50054.656,,,,,,,,,,,,,,,,,,,,
429,0.0104384422009204,1,/oscar/scratch/eaguerov/supercompressible_oracle/lin_50541e0ba743488a8e7919cbc91654bc/SUPERCOMPRESSIBLE_LIN_BUCKLE,False,False,/oscar/scratch/eaguerov/supercompressible_oracle/riks_b204381b279c4e65a31e1768a6f57925/SUPERCOMPRESSIBLE_RIKS.odb,1.0396786599980363,0.0150531139224767,True,True,0.0,0.0,D000,supercompressible-material,2026-08-04T13:10:31+00:00,49186.518,,,,,,,,,,,,,,,,,,,,
430,2.4803555157804125,1,/oscar/scratch/eaguerov/supercompressible_oracle/lin_b88e562ec76d4a8f952ee5a6abe02c05/SUPERCOMPRESSIBLE_LIN_BUCKLE,False,False,/oscar/scratch/eaguerov/supercompressible_oracle/riks_b1567fcde0694ef1bd4131314c3d3478/SUPERCOMPRESSIBLE_RIKS.odb,0.9205179197736254,0.0651765614748001,False,False,0.0,1.0,D000,supercompressible-material,2026-08-04T13:10:36+00:00,390551.24,,,,,,,,,,,,,,,,,,,,
431,0.4414745914778387,1,/oscar/scratch/eaguerov/supercompressible_oracle/lin_f8dd465a99a244189297ce5077498d91/SUPERCOMPRESSIBLE_LIN_BUCKLE,False,False,/oscar/scratch/eaguerov/supercompressible_oracle/riks_1d7f02155db14c7bb14c28de067bd86b/SUPERCOMPRESSIBLE_RIKS.odb,1.0032691202577495,0.0395389348268508,True,True,0.0,0.0,D000,supercompressible-material,2026-08-04T13:11:05+00:00,73073.888,,,,,,,,,,,,,,,,,,,,
432,0.0211081895858011,1,/oscar/scratch/eaguerov/supercompressible_oracle/lin_94d848d708fa4b2a8bacc859f06d7b32/SUPERCOMPRESSIBLE_LIN_BUCKLE,False,False,/oscar/scratch/eaguerov/supercompressible_oracle/riks_64aee7462f4a4ef49ad1392f4d528b92/SUPERCOMPRESSIBLE_RIKS.odb,1.0665135779521489,0.0180740524083375,True,True,0.0,0.0,D000,supercompressible-material,2026-08-04T13:11:10+00:00,57103.242,,,,,,,,,,,,,,,,,,,,
433,0.009683835564074,1,/oscar/scratch/eaguerov/supercompressible_oracle/lin_04ee548f4a4d447fa38f0a476b8b6d0f/SUPERCOMPRESSIBLE_LIN_BUCKLE,False,False,/oscar/scratch/eaguerov/supercompressible_oracle/riks_ba82a3e75211460aaf3cfe1d7580e221/SUPERCOMPRESSIBLE_RIKS.odb,1.1171089083591683,0.0145426169037818,True,True,0.0,0.0,D000,supercompressible-material,2026-08-04T13:11:15+00:00,52263.286,,,,,,,,,,,,,,,,,,,,
434,0.6131921647444544,1,/oscar/scratch/eaguerov/supercompressible_oracle/lin_525936b911e44a518dabf7b8a7237eba/SUPERCOMPRESSIBLE_LIN_BUCKLE,False,False,/oscar/scratch/eaguerov/supercompressible_oracle/riks_05eb519aab9e436f84e16cfda06783e4/SUPERCOMPRESSIBLE_RIKS.odb,1.0180654236163982,0.0458959415555,True,True,0.0,0.0,D000,supercompressible-material,2026-08-04T13:11:21+00:00,78146.399,,,,,,,,,,,,,,,,,,,,
435,0.6131921647444544,1,/oscar/scratch/eaguerov/supercompressible_oracle/lin_43ab54b83c634d03a32588352655a35b/SUPERCOMPRESSIBLE_LIN_BUCKLE,False,False,/oscar/scratch/eaguerov/supercompressible_oracle/riks_d82d79e3083e4577b86568013dedf501/SUPERCOMPRESSIBLE_RIKS.odb,1.0218759550390073,0.046990729868412,True,True,0.0,0.0,D000,supercompressible-material,2026-08-04T13:11:22+00:00,88530.957,,,,,,,,,,,,,,,,,,,,
436,0.0083885265338968,1,/oscar/scratch/eaguerov/supercompressible_oracle/lin_a08800ae9f034f4eac54f116eecf8043/SUPERCOMPRESSIBLE_LIN_BUCKLE,False,False,/oscar/scratch/eaguerov/supercompressible_oracle/riks_719c62e8f5bf4dccac9cb05b7f84f6da/SUPERCOMPRESSIBLE_RIKS.odb,1.0800435640520172,0.014266800135374,True,True,0.0,0.0,D000,supercompressible-material,2026-08-04T13:11:34+00:00,54214.99,,,,,,,,,,,,,,,,,,,,
437,0.012837649916383,1,/oscar/scratch/eaguerov/supercompressible_oracle/lin_8b6a998cd2a341a5aa9f4308754f87bd/SUPERCOMPRESSIBLE_LIN_BUCKLE,False,False,/oscar/scratch/eaguerov/supercompressible_oracle/riks_169d2fcb1225475e8aac79ce18289743/SUPERCOMPRESSIBLE_RIKS.odb,1.050348806883219,0.0157828480005264,True,True,0.0,0.0,D000,supercompressible-material,2026-08-04T13:11:55+00:00,52879.654,,,,,,,,,,,,,,,,,,,,
438,0.0137598997599529,1,/oscar/scratch/eaguerov/supercompressible_oracle/lin_695353957ee44c1d9001fd4c1e9ffb91/SUPERCOMPRESSIBLE_LIN_BUCKLE,False,False,/oscar/scratch/eaguerov/supercompressible_oracle/riks_83ad0ef28a784e8ea1add02e9d83b7b6/SUPERCOMPRESSIBLE_RIKS.odb,1.1162325004464555,0.0157539080828428,True,True,0.0,0.0,D000,supercompressible-material,2026-08-04T13:12:00+00:00,67472.714,,,,,,,,,,,,,,,,,,,,
439,0.0069743818128776,1,/oscar/scratch/eaguerov/supercompressible_oracle/lin_c6b9d97d85b0444e88e8e6db799fb21c/SUPERCOMPRESSIBLE_LIN_BUCKLE,False,False,/oscar/scratch/eaguerov/supercompressible_oracle/riks_2cfdd700f7e245aa95533e21f72ee46b/SUPERCOMPRESSIBLE_RIKS.odb,1.024468994140625,0.0134702939540147,True,True,0.0,0.0,D000,supercompressible-material,2026-08-04T13:12:04+00:00,50514.035,,,,,,,,,,,,,,,,,,,,
440,0.0069743818128776,1,/oscar/scratch/eaguerov/supercompressible_oracle/lin_05edd17c9b714365aa36cfbc3798f1f9/SUPERCOMPRESSIBLE_LIN_BUCKLE,False,False,/oscar/scratch/eaguerov/supercompressible_oracle/riks_5e18b21c497746e7854ffdd752d99569/SUPERCOMPRESSIBLE_RIKS.odb,1.0252904510498049,0.0128627847880125,True,True,0.0,0.0,D000,supercompressible-material,2026-08-04T13:12:11+00:00,49634.999,,,,,,,,,,,,,,,,,,,,
441,0.0020440290561951,1,/oscar/scratch/eaguerov/supercompressible_oracle/lin_6dde89158e594c0f8a72552135785f27/SUPERCOMPRESSIBLE_LIN_BUCKLE,False,False,/oscar/scratch/eaguerov/supercompressible_oracle/riks_1d5bd8cae0ee4e57b064dbcb45a06f5e/SUPERCOMPRESSIBLE_RIKS.odb,1.0302584075927734,0.0099935103207826,True,True,0.0,0.0,D000,supercompressible-material,2026-08-04T13:12:12+00:00,47814.849,,,,,,,,,,,,,,,,,,,,
442,0.0024175423649068,1,/oscar/scratch/eaguerov/supercompressible_oracle/lin_a47f7293ac864ad8bcf6860ec960f9c4/SUPERCOMPRESSIBLE_LIN_BUCKLE,False,False,/oscar/scratch/eaguerov/supercompressible_oracle/riks_5419dfd68d7b49aab4a93caf2c92b84a/SUPERCOMPRESSIBLE_RIKS.odb,1.0261326599121094,0.009865035302937,True,True,0.0,0.0,D000,supercompressible-material,2026-08-04T13:12:32+00:00,58230.253,,,,,,,,,,,,,,,,,,,,
443,0.0014328486099313,1,/oscar/scratch/eaguerov/supercompressible_oracle/lin_25f4453a4d2146768241cef4576edf71/SUPERCOMPRESSIBLE_LIN_BUCKLE,False,False,/oscar/scratch/eaguerov/supercompressible_oracle/riks_b82797b21b6a47c7a6c0484dcf79e550/SUPERCOMPRESSIBLE_RIKS.odb,0.6880243682861328,0.0073058865964412,False,False,0.0,0.0,D000,supercompressible-material,2026-08-04T13:12:38+00:00,127962.439,,,,,,,,,,,,,,,,,,,,
444,0.0683347663659361,1,/oscar/scratch/eaguerov/supercompressible_oracle/lin_009615ca1b414b178d5b3611a66e96ce/SUPERCOMPRESSIBLE_LIN_BUCKLE,False,False,/oscar/scratch/eaguerov/supercompressible_oracle/riks_0cebfc7c48344292aca6ecaeee696c48/SUPERCOMPRESSIBLE_RIKS.odb,1.068057091138715,0.0242480728775262,True,True,0.0,0.0,D000,supercompressible-material,2026-08-04T13:12:58+00:00,56045.42,,,,,,,,,,,,,,,,,,,,
445,0.9398205492871814,1,/oscar/scratch/eaguerov/supercompressible_oracle/lin_bba804c414eb4b1daae86dd9c74b2c0e/SUPERCOMPRESSIBLE_LIN_BUCKLE,False,False,/oscar/scratch/eaguerov/supercompressible_oracle/riks_905b3b0d12d44c1fa3f2f16a39f86175/SUPERCOMPRESSIBLE_RIKS.odb,0.8223916731148788,0.0568453893065452,False,False,0.0,0.0,D000,supercompressible-material,2026-08-04T13:13:01+00:00,357772.783,,,,,,,,,,,,,,,,,,,,
446,0.0683347663659361,1,/oscar/scratch/eaguerov/supercompressible_oracle/lin_96e3ef9fafd144da88f9f9c34afaf720/SUPERCOMPRESSIBLE_LIN_BUCKLE,False,False,/oscar/scratch/eaguerov/supercompressible_oracle/riks_c775d44805fb4716983aa81fe1c691d2/SUPERCOMPRESSIBLE_RIKS.odb,1.0686394672540656,0.0242648012936115,True,True,0.0,0.0,D000,supercompressible-material,2026-08-04T13:13:01+00:00,53358.447,,,,,,,,,,,,,,,,,,,,
447,0.0625500147010227,1,/oscar/scratch/eaguerov/supercompressible_oracle/lin_a35b0b7d01af47dc954a64b100b14472/SUPERCOMPRESSIBLE_LIN_BUCKLE,False,False,/oscar/scratch/eaguerov/supercompressible_oracle/riks_58c33f4345274b4cbf9d2feb35a8bddc/SUPERCOMPRESSIBLE_RIKS.odb,1.0880397242343,0.0236512050032615,True,True,0.0,0.0,D000,supercompressible-material,2026-08-04T13:13:03+00:00,70132.562,,,,,,,,,,,,,,,,,,,,
448,15.40322759902442,1,/oscar/scratch/eaguerov/supercompressible_oracle/lin_4f15a6c3472d42bd87feaac50a0ecd40/SUPERCOMPRESSIBLE_LIN_BUCKLE,False,False,/oscar/scratch/eaguerov/supercompressible_oracle/riks_05d5a74d693a4af99ab4504800ee0d82/SUPERCOMPRESSIBLE_RIKS.odb,0.8405140759181411,0.0889363139867782,False,False,0.0,0.0,D000,supercompressible-material,2026-08-04T13:13:05+00:00,468961.333,,,,,,,,,,,,,,,,,,,,
449,0.0225745371281544,1,/oscar/scratch/eaguerov/supercompressible_oracle/lin_7882d4d605ad4cc9b0dfdcbd30fc150c/SUPERCOMPRESSIBLE_LIN_BUCKLE,False,False,/oscar/scratch/eaguerov/supercompressible_oracle/riks_0babf39862a14ef8bc2f1d82bb6fb329/SUPERCOMPRESSIBLE_RIKS.odb,1.0138869606717715,0.0178755167871713,True,True,0.0,0.0,D000,supercompressible-material,2026-08-04T13:13:05+00:00,61273.02,,,,,,,,,,,,,,,,,,,,
450,0.1454166884042029,1,/oscar/scratch/eaguerov/supercompressible_oracle/lin_98980357dd864df2b0528e5573ea276c/SUPERCOMPRESSIBLE_LIN_BUCKLE,False,False,/oscar/scratch/eaguerov/supercompressible_oracle/riks_d350e9384cc24d359deb9906535105c7/SUPERCOMPRESSIBLE_RIKS.odb,1.0057991188629392,0.0302208270877599,True,True,0.0,0.0,D000,supercompressible-material,2026-08-04T13:13:17+00:00,61759.296,,,,,,,,,,,,,,,,,,,,
451,0.0215444863364636,1,/oscar/scratch/eaguerov/supercompressible_oracle/lin_1ad78b731127427eaf3b6eddb9a387dc/SUPERCOMPRESSIBLE_LIN_BUCKLE,False,False,/oscar/scratch/eaguerov/supercompressible_oracle/riks_349178fff1b6462e94f374265a8e6c62/SUPERCOMPRESSIBLE_RIKS.odb,1.0072553771238852,0.0178656000643968,True,True,0.0,0.0,D000,supercompressible-material,2026-08-04T13:13:21+00:00,54569.797,,,,,,,,,,,,,,,,,,,,
452,0.0142471260924048,1,/oscar/scratch/eaguerov/supercompressible_oracle/lin_0667a99efdd7435294cd5b7665729158/SUPERCOMPRESSIBLE_LIN_BUCKLE,False,False,/oscar/scratch/eaguerov/supercompressible_oracle/riks_1928681e4e92464c9c5ebce70f61f4a9/SUPERCOMPRESSIBLE_RIKS.odb,1.014963677585418,0.0159560404717922,True,True,0.0,0.0,D000,supercompressible-material,2026-08-04T13:13:21+00:00,71153.245,,,,,,,,,,,,,,,,,,,,
453,0.0277324305238765,1,/oscar/scratch/eaguerov/supercompressible_oracle/lin_d764f9ce777e40ff8e89d02dba9ea3e7/SUPERCOMPRESSIBLE_LIN_BUCKLE,False,False,/oscar/scratch/eaguerov/supercompressible_oracle/riks_86bcb6844ce64177a76efffa7bb10fa5/SUPERCOMPRESSIBLE_RIKS.odb,1.0342584728881132,0.0190850365906953,True,True,0.0,0.0,D000,supercompressible-material,2026-08-04T13:13:27+00:00,52416.612,,,,,,,,,,,,,,,,,,,,
454,0.0206986308655779,1,/oscar/scratch/eaguerov/supercompressible_oracle/lin_7ab7d983bdfe4509bb65a7d0a654e3bb/SUPERCOMPRESSIBLE_LIN_BUCKLE,False,False,/oscar/scratch/eaguerov/supercompressible_oracle/riks_143c4f22bd6345df851ff892e3d6e601/SUPERCOMPRESSIBLE_RIKS.odb,1.0531341420860478,0.0175578575581312,True,True,0.0,0.0,D000,supercompressible-material,2026-08-04T13:13:38+00:00,49890.428,,,,,,,,,,,,,,,,,,,,
455,0.1216792591585237,1,/oscar/scratch/eaguerov/supercompressible_oracle/lin_cec4d5bd13ec4c84aa37d657a5f66518/SUPERCOMPRESSIBLE_LIN_BUCKLE,False,False,/oscar/scratch/eaguerov/supercompressible_oracle/riks_974194dc7b684b2b837aa29a041b4a49/SUPERCOMPRESSIBLE_RIKS.odb,1.0576646036131867,0.0281130149960517,True,True,0.0,0.0,D000,supercompressible-material,2026-08-04T13:13:40+00:00,59221.587,,,,,,,,,,,,,,,,,,,,
456,0.0093205378806429,1,/oscar/scratch/eaguerov/supercompressible_oracle/lin_b47e3f9e24c542c8aa2baca7e6023fe9/SUPERCOMPRESSIBLE_LIN_BUCKLE,False,False,/oscar/scratch/eaguerov/supercompressible_oracle/riks_65c93f07d65e4dbc8aa0adbcfc76aeec/SUPERCOMPRESSIBLE_RIKS.odb,0.7278702545166016,0.0119375847280025,False,False,0.0,0.0,D000,supercompressible-material,2026-08-04T13:13:53+00:00,128640.226,,,,,,,,,,,,,,,,,,,,
457,0.0394772164976953,1,/oscar/scratch/eaguerov/supercompressible_oracle/lin_71ba3f74d14d44fc95206fcace734245/SUPERCOMPRESSIBLE_LIN_BUCKLE,False,False,/oscar/scratch/eaguerov/supercompressible_oracle/riks_87885c4925054c60b2eecc36acfc3e2d/SUPERCOMPRESSIBLE_RIKS.odb,1.1388107051517762,0.0210713017731905,True,True,0.0,0.0,D000,supercompressible-material,2026-08-04T13:14:09+00:00,61117.158,,,,,,,,,,,,,,,,,,,,
458,0.0151324519891774,1,/oscar/scratch/eaguerov/supercompressible_oracle/lin_6526badfb2c842aa84d522e9e673a629/SUPERCOMPRESSIBLE_LIN_BUCKLE,False,False,/oscar/scratch/eaguerov/supercompressible_oracle/riks_f5c37e90f65a441a80428500d9354f0b/SUPERCOMPRESSIBLE_RIKS.odb,1.0572468672722417,0.0156800281256437,True,True,0.0,0.0,D000,supercompressible-material,2026-08-04T13:14:30+00:00,60751.387,,,,,,,,,,,,,,,,,,,,
459,0.0073045752681456,1,/oscar/scratch/eaguerov/supercompressible_oracle/lin_65594c97aa9344bbaafd6a14962dae35/SUPERCOMPRESSIBLE_LIN_BUCKLE,False,False,/oscar/scratch/eaguerov/supercompressible_oracle/riks_f970d176a20f48dfaaebc474f3c25562/SUPERCOMPRESSIBLE_RIKS.odb,1.0446094969469826,0.0133691793307662,True,True,0.0,0.0,D000,supercompressible-material,2026-08-04T13:14:55+00:00,53096.645,,,,,,,,,,,,,,,,,,,,
460,0.0202428111085627,1,/oscar/scratch/eaguerov/supercompressible_oracle/lin_b4720b0b73e34573bbd262a590f2c1b7/SUPERCOMPRESSIBLE_LIN_BUCKLE,False,False,/oscar/scratch/eaguerov/supercompressible_oracle/riks_f4352a7f07bd4f6681e5cb91bab021ea/SUPERCOMPRESSIBLE_RIKS.odb,1.0592949426850264,0.0175637565553188,True,True,0.0,0.0,D000,supercompressible-material,2026-08-04T13:14:58+00:00,70514.506,,,,,,,,,,,,,,,,,,,,
461,0.0277757206683975,1,/oscar/scratch/eaguerov/supercompressible_oracle/lin_0d074f412bc84292a5e8188c28b12db5/SUPERCOMPRESSIBLE_LIN_BUCKLE,False,False,/oscar/scratch/eaguerov/supercompressible_oracle/riks_096d2ff0dd6a424186a0b2df278603da/SUPERCOMPRESSIBLE_RIKS.odb,1.1398752735141986,0.0189515482634305,True,True,0.0,0.0,D000,supercompressible-material,2026-08-04T13:15:25+00:00,58911.273,,,,,,,,,,,,,,,,,,,,
462,0.0303841640823783,1,/oscar/scratch/eaguerov/supercompressible_oracle/lin_ddf6f371b7e54848a476f908242c76de/SUPERCOMPRESSIBLE_LIN_BUCKLE,False,False,/oscar/scratch/eaguerov/supercompressible_oracle/riks_252347897cdb4337887e1886cb21dd44/SUPERCOMPRESSIBLE_RIKS.odb,1.003562781647196,0.0194902867078781,True,True,0.0,0.0,D000,supercompressible-material,2026-08-04T13:15:25+00:00,47732.018,,,,,,,,,,,,,,,,,,,,
463,0.0321268046059392,1,/oscar/scratch/eaguerov/supercompressible_oracle/lin_fcef5cbe789a46fca0778f031957b341/SUPERCOMPRESSIBLE_LIN_BUCKLE,False,False,/oscar/scratch/eaguerov/supercompressible_oracle/riks_2b148d5b82514665ab3321f7611dcd78/SUPERCOMPRESSIBLE_RIKS.odb,1.010112522459481,0.019447723403573,True,True,0.0,0.0,D000,supercompressible-material,2026-08-04T13:15:27+00:00,50468.724,,,,,,,,,,,,,,,,,,,,
464,0.0255755627350952,1,/oscar/scratch/eaguerov/supercompressible_oracle/lin_56dde566d420415baa23bdfda2e5736f/SUPERCOMPRESSIBLE_LIN_BUCKLE,False,False,/oscar/scratch/eaguerov/supercompressible_oracle/riks_e433383a0ba242ef9bb15b8fa2367098/SUPERCOMPRESSIBLE_RIKS.odb,1.0326603884021974,0.0186693277209997,True,True,0.0,0.0,D000,supercompressible-material,2026-08-04T13:15:31+00:00,59775.345,,,,,,,,,,,,,,,,,,,,
465,0.0280702634164129,1,/oscar/scratch/eaguerov/supercompressible_oracle/lin_1ab5450572254a6e9fa20f305933dfc6/SUPERCOMPRESSIBLE_LIN_BUCKLE,False,False,/oscar/scratch/eaguerov/supercompressible_oracle/riks_84e063687c1545189aacf523ac65f28f/SUPERCOMPRESSIBLE_RIKS.odb,1.053803595065368,0.0191057026386261,True,True,0.0,0.0,D000,supercompressible-material,2026-08-04T13:15:46+00:00,59537.535,,,,,,,,,,,,,,,,,,,,
466,0.0272222858796193,1,/oscar/scratch/eaguerov/supercompressible_oracle/lin_056632ba6dad4e4f8960ebe139ae634b/SUPERCOMPRESSIBLE_LIN_BUCKLE,False,False,/oscar/scratch/eaguerov/supercompressible_oracle/riks_f2b6c9aa7320440a87961cf4c7fca605/SUPERCOMPRESSIBLE_RIKS.odb,1.0574450433218343,0.0190250594168901,True,True,0.0,0.0,D000,supercompressible-material,2026-08-04T13:16:01+00:00,54462.927,,,,,,,,,,,,,,,,,,,,
467,0.0304414598618914,1,/oscar/scratch/eaguerov/supercompressible_oracle/lin_84a70514398f4a9a8b584999cfa22bf7/SUPERCOMPRESSIBLE_LIN_BUCKLE,False,False,/oscar/scratch/eaguerov/supercompressible_oracle/riks_07e0de69f97349f3bc01fcb636ad945c/SUPERCOMPRESSIBLE_RIKS.odb,1.062143986946016,0.0194632112979888,True,True,0.0,0.0,D000,supercompressible-material,2026-08-04T13:16:03+00:00,57015.678,,,,,,,,,,,,,,,,,,,,
468,0.0295552851387557,1,/oscar/scratch/eaguerov/supercompressible_oracle/lin_fa3c6fd5daa64d978b8bdcd3ee1f2d07/SUPERCOMPRESSIBLE_LIN_BUCKLE,False,False,/oscar/scratch/eaguerov/supercompressible_oracle/riks_057bbfb9054943089bd3ea217d723fcc/SUPERCOMPRESSIBLE_RIKS.odb,1.056897839890411,0.0194179266691207,True,True,0.0,0.0,D000,supercompressible-material,2026-08-04T13:16:05+00:00,51284.781,,,,,,,,,,,,,,,,,,,,
469,0.0304236345082651,1,/oscar/scratch/eaguerov/supercompressible_oracle/lin_f9558a2bc191446f9edd52a1ad7b2c57/SUPERCOMPRESSIBLE_LIN_BUCKLE,False,False,/oscar/scratch/eaguerov/supercompressible_oracle/riks_bd57ff60da7f4a87be53e30b23dbe67f/SUPERCOMPRESSIBLE_RIKS.odb,1.0436569927642885,0.0195246282964944,True,True,0.0,0.0,D000,supercompressible-material,2026-08-04T13:16:15+00:00,50776.625,,,,,,,,,,,,,,,,,,,,
470,0.0286916043142437,1,/oscar/scratch/eaguerov/supercompressible_oracle/lin_03833afb2f654f459545830bf896588a/SUPERCOMPRESSIBLE_LIN_BUCKLE,False,False,/oscar/scratch/eaguerov/supercompressible_oracle/riks_11648f454c554a26a3ff79b85ac60643/SUPERCOMPRESSIBLE_RIKS.odb,1.0045504077605465,0.0192362535744905,True,True,0.0,0.0,D000,supercompressible-material,2026-08-04T13:16:37+00:00,57177.41,,,,,,,,,,,,,,,,,,,,
471,0.0202428111085627,1,/oscar/scratch/eaguerov/supercompressible_oracle/lin_701ea8c78c684b4da23360d06386c06a/SUPERCOMPRESSIBLE_LIN_BUCKLE,False,False,/oscar/scratch/eaguerov/supercompressible_oracle/riks_9d08fb902c5b41a3836bfdb19faddb74/SUPERCOMPRESSIBLE_RIKS.odb,1.0591128363454203,0.0175761450082063,True,True,0.0,0.0,D000,supercompressible-material,2026-08-04T13:16:37+00:00,57066.288,,,,,,,,,,,,,,,,,,,,
472,0.0314570806054085,1,/oscar/scratch/eaguerov/supercompressible_oracle/lin_409103c6316e4b3f9a39c90178be3d20/SUPERCOMPRESSIBLE_LIN_BUCKLE,False,False,/oscar/scratch/eaguerov/supercompressible_oracle/riks_69484842ce9941a4854cea5883df3e2f/SUPERCOMPRESSIBLE_RIKS.odb,1.0268842932935862,0.0196674726903438,True,True,0.0,0.0,D000,supercompressible-material,2026-08-04T13:16:54+00:00,47312.671,,,,,,,,,,,,,,,,,,,,
473,0.028866462545054,1,/oscar/scratch/eaguerov/supercompressible_oracle/lin_21a715970129414dbd45d753ef341716/SUPERCOMPRESSIBLE_LIN_BUCKLE,False,False,/oscar/scratch/eaguerov/supercompressible_oracle/riks_fcfdc29ba6ba44a6bb2bb17623983d54/SUPERCOMPRESSIBLE_RIKS.odb,1.1151202066354096,0.0193490833044052,True,True,0.0,0.0,D000,supercompressible-material,2026-08-04T13:17:07+00:00,61986.874,,,,,,,,,,,,,,,,,,,,
474,0.0305781209063596,1,/oscar/scratch/eaguerov/supercompressible_oracle/lin_ad0933b5fa2e472bb34ea5338a8d79f4/SUPERCOMPRESSIBLE_LIN_BUCKLE,False,False,/oscar/scratch/eaguerov/supercompressible_oracle/riks_e2ee5ffbd84b4aa9a40bd0e59f3ad20e/SUPERCOMPRESSIBLE_RIKS.odb,1.0084227338777647,0.019568832591176,True,True,0.0,0.0,D000,supercompressible-material,2026-08-04T13:17:15+00:00,57515.173,,,,,,,,,,,,,,,,,,,,
475,0.0281912211731628,1,/oscar/scratch/eaguerov/supercompressible_oracle/lin_20e90ee928104913ae60bb5216605147/SUPERCOMPRESSIBLE_LIN_BUCKLE,False,False,/oscar/scratch/eaguerov/supercompressible_oracle/riks_919ddbcdd6f44e2db47650356530e6e7/SUPERCOMPRESSIBLE_RIKS.odb,1.0572772941965405,0.0192039664834737,True,True,0.0,0.0,D000,supercompressible-material,2026-08-04T13:17:25+00:00,54466.683,,,,,,,,,,,,,,,,,,,,
476,0.0270117769415564,1,/oscar/scratch/eaguerov/supercompressible_oracle/lin_f497e95274c54a229f0aefa1d1365f42/SUPERCOMPRESSIBLE_LIN_BUCKLE,False,False,/oscar/scratch/eaguerov/supercompressible_oracle/riks_a113001a886245e2a1da6bf1fcdf7a55/SUPERCOMPRESSIBLE_RIKS.odb,1.0425651060127348,0.018361946567893,True,True,0.0,0.0,D000,supercompressible-material,2026-08-04T13:18:02+00:00,54056.139,,,,,,,,,,,,,,,,,,,,
477,0.025807292332237,1,/oscar/scratch/eaguerov/supercompressible_oracle/lin_e1f3ffa0dfe44caeb31149298a1d73b5/SUPERCOMPRESSIBLE_LIN_BUCKLE,False,False,/oscar/scratch/eaguerov/supercompressible_oracle/riks_ac9879d3ef234d0ba6bdff4d20ba05b1/SUPERCOMPRESSIBLE_RIKS.odb,1.0361447795985443,0.0182159692049026,True,True,0.0,0.0,D000,supercompressible-material,2026-08-04T13:18:26+00:00,55697.801,,,,,,,,,,,,,,,,,,,,
478,8.903764136332994,1,/oscar/scratch/eaguerov/supercompressible_oracle/lin_eee5963b9b174b3e823a686558da73da/SUPERCOMPRESSIBLE_LIN_BUCKLE,False,False,/oscar/scratch/eaguerov/supercompressible_oracle/riks_3a4dde601b04456ca7e1432fd26023dd/SUPERCOMPRESSIBLE_RIKS.odb,1.0319646422176103,0.0958759412169456,True,True,0.0,0.0,D000,supercompressible-material,2026-08-04T13:18:29+00:00,69668.553,,,,,,,,,,,,,,,,,,,,
479,0.025807292332237,1,/oscar/scratch/eaguerov/supercompressible_oracle/lin_b2e5848f8d5945d0b4b8960268b3dcbe/SUPERCOMPRESSIBLE_LIN_BUCKLE,False,False,/oscar/scratch/eaguerov/supercompressible_oracle/riks_92a3a2e2eb044c14ada1b1a472c84d07/SUPERCOMPRESSIBLE_RIKS.odb,1.0359070474809795,0.0182613916695117,True,True,0.0,0.0,D000,supercompressible-material,2026-08-04T13:18:45+00:00,56323.412,,,,,,,,,,,,,,,,,,,,
480,0.0556617887640055,1,/oscar/scratch/eaguerov/supercompressible_oracle/lin_30cb133a27824b5ab8ff1fe301b40dbf/SUPERCOMPRESSIBLE_LIN_BUCKLE,False,False,/oscar/scratch/eaguerov/supercompressible_oracle/riks_3633705d3ab844b0b9ff70aaadb151f2/SUPERCOMPRESSIBLE_RIKS.odb,1.0129646989308485,0.0224759075790643,True,True,0.0,0.0,D000,supercompressible-material,2026-08-04T13:19:18+00:00,58428.46,,,,,,,,,,,,,,,,,,,,
481,0.0276747103311819,1,/oscar/scratch/eaguerov/supercompressible_oracle/lin_e2b7c7fb46a5448594028f9c7c8c3b48/SUPERCOMPRESSIBLE_LIN_BUCKLE,False,False,/oscar/scratch/eaguerov/supercompressible_oracle/riks_491156835a0049018d7c5d2086a1ebc7/SUPERCOMPRESSIBLE_RIKS.odb,1.0175102809237926,0.0187486018985509,True,True,0.0,0.0,D000,supercompressible-material,2026-08-04T13:19:31+00:00,56667.889,,,,,,,,,,,,,,,,,,,,
482,0.0274221844881427,1,/oscar/scratch/eaguerov/supercompressible_oracle/lin_345baf9ce7c64402a8d955a486ead8b9/SUPERCOMPRESSIBLE_LIN_BUCKLE,False,False,/oscar/scratch/eaguerov/supercompressible_oracle/riks_d436489935d84a5993d218d0bb18359b/SUPERCOMPRESSIBLE_RIKS.odb,1.0177905534703413,0.0186802819371223,True,True,0.0,0.0,D000,supercompressible-material,2026-08-04T13:19:31+00:00,55734.392,,,,,,,,,,,,,,,,,,,,
483,0.0302292532711022,1,/oscar/scratch/eaguerov/supercompressible_oracle/lin_767aa47d402f470389e996f02737ab81/SUPERCOMPRESSIBLE_LIN_BUCKLE,False,False,/oscar/scratch/eaguerov/supercompressible_oracle/riks_e0d816a1b9ad4eb7af7e453750085565/SUPERCOMPRESSIBLE_RIKS.odb,1.016887992875196,0.0191639307886362,True,True,0.0,0.0,D000,supercompressible-material,2026-08-04T13:20:05+00:00,56686.178,,,,,,,,,,,,,,,,,,,,
484,0.0277086633857081,1,/oscar/scratch/eaguerov/supercompressible_oracle/lin_530c5b64d53247f19a14c050189e93e2/SUPERCOMPRESSIBLE_LIN_BUCKLE,False,False,/oscar/scratch/eaguerov/supercompressible_oracle/riks_e71c3e7ee89a496f9153172078628b44/SUPERCOMPRESSIBLE_RIKS.odb,1.017735264729427,0.0187345538288354,True,True,0.0,0.0,D000,supercompressible-material,2026-08-04T13:20:28+00:00,56972.248,,,,,,,,,,,,,,,,,,,,
485,2.923994614484301,1,/oscar/scratch/eaguerov/supercompressible_oracle/lin_8bf761e1e2cd43c4a1fa126636389375/SUPERCOMPRESSIBLE_LIN_BUCKLE,False,False,/oscar/scratch/eaguerov/supercompressible_oracle/riks_e345f0ae210a4df1971a0b54eabc669d/SUPERCOMPRESSIBLE_RIKS.odb,0.2422242402723004,0.0322491377592086,False,False,0.0,0.0,D000,supercompressible-material,2026-08-04T13:21:01+00:00,102997.47,,,,,,,,,,,,,,,,,,,,
486,0.6310175183707466,1,/oscar/scratch/eaguerov/supercompressible_oracle/lin_338a3566dc68469fb245cd0b006e0bbe/SUPERCOMPRESSIBLE_LIN_BUCKLE,False,False,/oscar/scratch/eaguerov/supercompressible_oracle/riks_b4be359aed5f43f789ad8c0f24401e72/SUPERCOMPRESSIBLE_RIKS.odb,1.0694333715007087,0.0418177209794521,True,True,0.0,0.0,D000,supercompressible-material,2026-08-04T13:21:06+00:00,71033.289,,,,,,,,,,,,,,,,,,,,
487,0.0780708047513444,1,/oscar/scratch/eaguerov/supercompressible_oracle/lin_e28d234769ba410caf1854e941b76989/SUPERCOMPRESSIBLE_LIN_BUCKLE,False,False,/oscar/scratch/eaguerov/supercompressible_oracle/riks_806861271925479ba4bad83c300b3c72/SUPERCOMPRESSIBLE_RIKS.odb,1.0332688601827735,0.0247892178595066,True,True,0.0,0.0,D000,supercompressible-material,2026-08-04T13:21:11+00:00,66857.727,,,,,,,,,,,,,,,,,,,,
488,0.0395735582899135,1,/oscar/scratch/eaguerov/supercompressible_oracle/lin_9c75fddef69e4d419966bd591f15e409/SUPERCOMPRESSIBLE_LIN_BUCKLE,False,False,/oscar/scratch/eaguerov/supercompressible_oracle/riks_89ea6b93ccd448c9a1aec2ae9340c725/SUPERCOMPRESSIBLE_RIKS.odb,1.0686409051694683,0.0204885266721248,True,True,0.0,0.0,D000,supercompressible-material,2026-08-04T13:21:19+00:00,63503.906,,,,,,,,,,,,,,,,,,,,
489,0.0355709175744478,1,/oscar/scratch/eaguerov/supercompressible_oracle/lin_5a1eb50c2152435399fdddb50e8bf57b/SUPERCOMPRESSIBLE_LIN_BUCKLE,False,False,/oscar/scratch/eaguerov/supercompressible_oracle/riks_8e0eab1f026c40d4895736edd4ea610b/SUPERCOMPRESSIBLE_RIKS.odb,1.0320412463755326,0.0200261659920215,True,True,0.0,0.0,D000,supercompressible-material,2026-08-04T13:21:24+00:00,63647.072,,,,,,,,,,,,,,,,,,,,
490,0.0395735582899135,1,/oscar/scratch/eaguerov/supercompressible_oracle/lin_c8e679bda4d14c4492b49ba5a96e05e2/SUPERCOMPRESSIBLE_LIN_BUCKLE,False,False,/oscar/scratch/eaguerov/supercompressible_oracle/riks_633f2e3974a04dcc908a381e5af69677/SUPERCOMPRESSIBLE_RIKS.odb,1.0685039323993482,0.0204873885959386,True,True,0.0,0.0,D000,supercompressible-material,2026-08-04T13:21:35+00:00,56169.822,,,,,,,,,,,,,,,,,,,,
491,0.0193723396731455,1,/oscar/scratch/eaguerov/supercompressible_oracle/lin_c215d794161a46cdbacac8ce9bf27b1e/SUPERCOMPRESSIBLE_LIN_BUCKLE,False,False,/oscar/scratch/eaguerov/supercompressible_oracle/riks_fcf38d4dbc80486f96ab390b08a40a28/SUPERCOMPRESSIBLE_RIKS.odb,1.1467922973632811,0.0153004704043269,True,True,0.0,0.0,D000,supercompressible-material,2026-08-04T13:21:36+00:00,79747.026,,,,,,,,,,,,,,,,,,,,
492,0.0355709175744478,1,/oscar/scratch/eaguerov/supercompressible_oracle/lin_f22cfc4650b3428a98179f458935b7c3/SUPERCOMPRESSIBLE_LIN_BUCKLE,False,False,/oscar/scratch/eaguerov/supercompressible_oracle/riks_4a0f4591412e445b8a4ade32a43bead0/SUPERCOMPRESSIBLE_RIKS.odb,1.0321701998784925,0.0200241636484861,True,True,0.0,0.0,D000,supercompressible-material,2026-08-04T13:22:03+00:00,54482.253,,,,,,,,,,,,,,,,,,,,
493,0.0405042963971149,1,/oscar/scratch/eaguerov/supercompressible_oracle/lin_835c03f6decc4aadad5824f677c983dc/SUPERCOMPRESSIBLE_LIN_BUCKLE,False,False,/oscar/scratch/eaguerov/supercompressible_oracle/riks_decd8cc4bdf848228756094a95468d1d/SUPERCOMPRESSIBLE_RIKS.odb,1.0246771625596207,0.0206961240619421,True,True,0.0,0.0,D000,supercompressible-material,2026-08-04T13:22:07+00:00,53992.961,,,,,,,,,,,,,,,,,,,,
494,0.035212288436014,1,/oscar/scratch/eaguerov/supercompressible_oracle/lin_4fa30f746bb94dfb8ae3a63cfd92ff52/SUPERCOMPRESSIBLE_LIN_BUCKLE,False,False,/oscar/scratch/eaguerov/supercompressible_oracle/riks_cce6edc3f3994b60866662e557cdfa33/SUPERCOMPRESSIBLE_RIKS.odb,1.0239929439374118,0.0199820157140493,True,True,0.0,0.0,D000,supercompressible-material,2026-08-04T13:22:13+00:00,57998.779,,,,,,,,,,,,,,,,,,,,
495,0.0259456510294315,1,/oscar/scratch/eaguerov/supercompressible_oracle/lin_6253a4dda9724097bc244eb432028552/SUPERCOMPRESSIBLE_LIN_BUCKLE,False,False,/oscar/scratch/eaguerov/supercompressible_oracle/riks_cb28e062711445c1a125a776c77b3834/SUPERCOMPRESSIBLE_RIKS.odb,1.0318969933010185,0.0183128993958234,True,True,0.0,0.0,D000,supercompressible-material,2026-08-04T13:22:18+00:00,63039.213,,,,,,,,,,,,,,,,,,,,
496,0.2957056401329257,1,/oscar/scratch/eaguerov/supercompressible_oracle/lin_930aeec8860e4e3a9acaa4b011c361aa/SUPERCOMPRESSIBLE_LIN_BUCKLE,False,False,/oscar/scratch/eaguerov/supercompressible_oracle/riks_ffe28a0f3be944d79ce4e74192d950cd/SUPERCOMPRESSIBLE_RIKS.odb,0.2254825483982292,0.0157185960561037,False,False,0.0,0.0,D000,supercompressible-material,2026-08-04T13:22:44+00:00,88637.609,,,,,,,,,,,,,,,,,,,,
497,0.8932199819498745,1,/oscar/scratch/eaguerov/supercompressible_oracle/lin_a48ecd8889a540d288fad6ac91dd647c/SUPERCOMPRESSIBLE_LIN_BUCKLE,False,False,/oscar/scratch/eaguerov/supercompressible_oracle/riks_72dc9824a7e049f589d6bdadd6d5afdf/SUPERCOMPRESSIBLE_RIKS.odb,1.0048027414437195,0.0515528619289398,True,True,0.0,0.0,D000,supercompressible-material,2026-08-04T13:22:50+00:00,79601.806,,,,,,,,,,,,,,,,,,,,
498,0.1528906045317983,1,/oscar/scratch/eaguerov/supercompressible_oracle/lin_1700b73fb3364eb4a8df335095dd453c/SUPERCOMPRESSIBLE_LIN_BUCKLE,False,False,/oscar/scratch/eaguerov/supercompressible_oracle/riks_14079d9e7ee1439e8d9668d18e042300/SUPERCOMPRESSIBLE_RIKS.odb,1.0526157480244438,0.0296551566570997,True,True,0.0,0.0,D000,supercompressible-material,2026-08-04T13:23:27+00:00,61490.856,,,,,,,,,,,,,,,,,,,,
499,25.14732983488262,1,/oscar/scratch/eaguerov/supercompressible_oracle/lin_ff5acb29dd3a470f9cac65f65e975ef4/SUPERCOMPRESSIBLE_LIN_BUCKLE,False,False,/oscar/scratch/eaguerov/supercompressible_oracle/riks_74ad5f5bb6a7478a870fac66a8c8ae3f/SUPERCOMPRESSIBLE_RIKS.odb,0.0486124372657511,0.0175140220671892,False,False,0.0,0.0,D000,supercompressible-material,2026-08-04T13:23:30+00:00,109221.552,,,,,,,,,,,,,,,,,,,,
500,0.1011758583564718,1,/oscar/scratch/eaguerov/supercompressible_oracle/lin_e267b8bb27a04b4aa97a1115fc691989/SUPERCOMPRESSIBLE_LIN_BUCKLE,False,False,/oscar/scratch/eaguerov/supercompressible_oracle/riks_ff17a262743f46a6be94336f2b2b7120/SUPERCOMPRESSIBLE_RIKS.odb,1.0175273774265825,0.0249256286770105,True,True,0.0,0.0,D000,supercompressible-material,2026-08-04T13:23:54+00:00,59267.786,,,,,,,,,,,,,,,,,,,,
501,0.9326904078366646,1,/oscar/scratch/eaguerov/supercompressible_oracle/lin_6a3ec31402814ad480117e7aa711f096/SUPERCOMPRESSIBLE_LIN_BUCKLE,False,False,/oscar/scratch/eaguerov/supercompressible_oracle/riks_b1d22527d05448fca5faf30f87b8f35e/SUPERCOMPRESSIBLE_RIKS.odb,1.056902940822386,0.0517958626151084,True,True,0.0,0.0,D000,supercompressible-material,2026-08-04T13:24:21+00:00,85881.428,,,,,,,,,,,,,,,,,,,,
502,0.0642985970091257,1,/oscar/scratch/eaguerov/supercompressible_oracle/lin_c293b59908e943e4bded669cb80b4598/SUPERCOMPRESSIBLE_LIN_BUCKLE,False,False,/oscar/scratch/eaguerov/supercompressible_oracle/riks_5365ffdd0443433fa670a5c9297cc017/SUPERCOMPRESSIBLE_RIKS.odb,1.0996946068525495,0.0236689373850822,True,True,0.0,0.0,D000,supercompressible-material,2026-08-04T13:24:28+00:00,62546.928,,,,,,,,,,,,,,,,,,,,
503,14.554401235867644,1,/oscar/scratch/eaguerov/supercompressible_oracle/lin_f185718721cf41229cb132fa85f1d541/SUPERCOMPRESSIBLE_LIN_BUCKLE,False,False,/oscar/scratch/eaguerov/supercompressible_oracle/riks_da8495a5e5e24cb9ab0b3d0f50dfe0b8/SUPERCOMPRESSIBLE_RIKS.odb,0.1387650834281638,0.0261671990156173,False,False,0.0,0.0,D000,supercompressible-material,2026-08-04T13:24:48+00:00,142264.752,,,,,,,,,,,,,,,,,,,,
504,25.166852841235222,1,/oscar/scratch/eaguerov/supercompressible_oracle/lin_6174da9c4d48437ca4f2349c2694ddff/SUPERCOMPRESSIBLE_LIN_BUCKLE,False,False,/oscar/scratch/eaguerov/supercompressible_oracle/riks_27ef00148e8246e498ceee5ab64c67da/SUPERCOMPRESSIBLE_RIKS.odb,0.9898594730068556,0.1380142271518707,False,False,0.0,0.0,D000,supercompressible-material,2026-08-04T13:24:59+00:00,186226.692,,,,,,,,,,,,,,,,,,,,
505,0.6310599596889045,1,/oscar/scratch/eaguerov/supercompressible_oracle/lin_4f8ec12161ea482f964bce53afca0a4c/SUPERCOMPRESSIBLE_LIN_BUCKLE,False,False,/oscar/scratch/eaguerov/supercompressible_oracle/riks_ff604d231cd14fbcaccad2076f479488/SUPERCOMPRESSIBLE_RIKS.odb,1.0307028959057063,0.0430558398365974,True,True,0.0,0.0,D000,supercompressible-material,2026-08-04T13:25:04+00:00,68021.26,,,,,,,,,,,,,,,,,,,,
506,0.0015831163410009,1,/oscar/scratch/eaguerov/supercompressible_oracle/lin_7e7680522e924d78a42d28f6a5568b9a/SUPERCOMPRESSIBLE_LIN_BUCKLE,False,False,/oscar/scratch/eaguerov/supercompressible_oracle/riks_5521d30900d54f0296b3e2ebb8865278/SUPERCOMPRESSIBLE_RIKS.odb,1.0327250671386718,0.0085641527548432,True,True,0.0,0.0,D000,supercompressible-material,2026-08-04T13:25:26+00:00,59731.327,,,,,,,,,,,,,,,,,,,,
507,0.0333919803002243,1,/oscar/scratch/eaguerov/supercompressible_oracle/lin_13345d35921940e6b08d6bac7b257c8c/SUPERCOMPRESSIBLE_LIN_BUCKLE,False,False,/oscar/scratch/eaguerov/supercompressible_oracle/riks_44f4be077d444c6d9bdd8cdaa5af0e46/SUPERCOMPRESSIBLE_RIKS.odb,1.018569862575762,0.0197103358805179,True,True,0.0,0.0,D000,supercompressible-material,2026-08-04T13:25:32+00:00,65491.406,,,,,,,,,,,,,,,,,,,,
508,0.0133978753160665,1,/oscar/scratch/eaguerov/supercompressible_oracle/lin_6f0422245a6e4a2194d13532203bd37e/SUPERCOMPRESSIBLE_LIN_BUCKLE,False,False,/oscar/scratch/eaguerov/supercompressible_oracle/riks_7f579d4c49134675abba37c12b601a36/SUPERCOMPRESSIBLE_RIKS.odb,0.7109742645038222,0.013269891962409,False,False,0.0,0.0,D000,supercompressible-material,2026-08-04T13:26:24+00:00,148140.176,,,,,,,,,,,,,,,,,,,,
509,0.0219294290921552,1,/oscar/scratch/eaguerov/supercompressible_oracle/lin_8629ae1cf42b43638c32f0752e46d298/SUPERCOMPRESSIBLE_LIN_BUCKLE,False,False,/oscar/scratch/eaguerov/supercompressible_oracle/riks_f0b95dacdcee4465ba31043a7d105a61/SUPERCOMPRESSIBLE_RIKS.odb,1.0420564195416695,0.0176272131502628,True,True,0.0,0.0,D000,supercompressible-material,2026-08-04T13:26:38+00:00,70858.774,,,,,,,,,,,,,,,,,,,,
510,0.0207975191368857,1,/oscar/scratch/eaguerov/supercompressible_oracle/lin_e471022b51f14161b514e7e20ec677ab/SUPERCOMPRESSIBLE_LIN_BUCKLE,False,False,/oscar/scratch/eaguerov/supercompressible_oracle/riks_4547c6b5ba144efea90c82c46ef28e52/SUPERCOMPRESSIBLE_RIKS.odb,1.1008397137202108,0.0174108054488897,True,True,0.0,0.0,D000,supercompressible-material,2026-08-04T13:26:38+00:00,71218.068,,,,,,,,,,,,,,,,,,,,
511,0.0187403884457752,1,/oscar/scratch/eaguerov/supercompressible_oracle/lin_50afe2dae1ae4cc9905c1b77893e5cf3/SUPERCOMPRESSIBLE_LIN_BUCKLE,False,False,/oscar/scratch/eaguerov/supercompressible_oracle/riks_04ad19b94bb44840b4389e3f970f5584/SUPERCOMPRESSIBLE_RIKS.odb,1.0278465873467446,0.0163365211337804,True,True,0.0,0.0,D000,supercompressible-material,2026-08-04T13:26:44+00:00,75891.425,,,,,,,,,,,,,,,,,,,,
512,0.0153225890945245,1,/oscar/scratch/eaguerov/supercompressible_oracle/lin_02d4862e95f544bd8b158b064e7ba601/SUPERCOMPRESSIBLE_LIN_BUCKLE,False,False,/oscar/scratch/eaguerov/supercompressible_oracle/riks_02e2188a120a442eb5a610be74f5fc57/SUPERCOMPRESSIBLE_RIKS.odb,1.0548872077649172,0.0151555035263299,True,True,0.0,0.0,D000,supercompressible-material,2026-08-04T13:26:50+00:00,82164.55,,,,,,,,,,,,,,,,,,,,
513,0.0156302886511688,1,/oscar/scratch/eaguerov/supercompressible_oracle/lin_e07db4298e5243e783f553791b4b4d5c/SUPERCOMPRESSIBLE_LIN_BUCKLE,False,False,/oscar/scratch/eaguerov/supercompressible_oracle/riks_70a69ee99fab4a7799898a3a2ba546bd/SUPERCOMPRESSIBLE_RIKS.odb,0.6945546418699079,0.0138229699805378,False,False,0.0,0.0,D000,supercompressible-material,2026-08-04T13:26:59+00:00,91750.855,,,,,,,,,,,,,,,,,,,,
514,0.0061314972342629,1,/oscar/scratch/eaguerov/supercompressible_oracle/lin_538b53dc509049f2b6d45b3218309893/SUPERCOMPRESSIBLE_LIN_BUCKLE,False,False,/oscar/scratch/eaguerov/supercompressible_oracle/riks_b003e83610444be68d4d8efcd3495136/SUPERCOMPRESSIBLE_RIKS.odb,0.683437869063177,0.0108277294784784,False,False,0.0,0.0,D000,supercompressible-material,2026-08-04T13:27:23+00:00,144992.44,,,,,,,,,,,,,,,,,,,,
515,0.0077603950251608,1,/oscar/scratch/eaguerov/supercompressible_oracle/lin_3474a5a8be824dd4bc3e21c777e66eb6/SUPERCOMPRESSIBLE_LIN_BUCKLE,False,False,/oscar/scratch/eaguerov/supercompressible_oracle/riks_5ff73136f28a4c78b0e0dedfafbee496/SUPERCOMPRESSIBLE_RIKS.odb,0.5820851734531401,0.0109183248132467,False,False,0.0,0.0,D000,supercompressible-material,2026-08-04T13:27:23+00:00,146737.677,,,,,,,,,,,,,,,,,,,,
516,0.4702922465070113,0,/oscar/scratch/eaguerov/supercompressible_oracle/lin_0bf3f6e834224078b499fb72d1e20349/SUPERCOMPRESSIBLE_LIN_BUCKLE,,,,,,,,,,D000,supercompressible-material,2026-08-04T14:01:32+00:00,14994.092,,,,,,,,,,,,,,,,,,,,
517,4.279358109854882,0,/oscar/scratch/eaguerov/supercompressible_oracle/lin_c08292c97761441ca007e3f20cb35841/SUPERCOMPRESSIBLE_LIN_BUCKLE,,,,,,,,,,D000,supercompressible-material,2026-08-04T14:03:08+00:00,16549.386,,,,,,,,,,,,,,,,,,,,
518,16.617898124701764,0,/oscar/scratch/eaguerov/supercompressible_oracle/lin_1ccc08c2dec944eab4c8ad2a9bcd48c8/SUPERCOMPRESSIBLE_LIN_BUCKLE,,,,,,,,,,D000,supercompressible-material,2026-08-04T14:03:20+00:00,15322.212,,,,,,,,,,,,,,,,,,,,
519,0.2085226843730933,0,/oscar/scratch/eaguerov/supercompressible_oracle/lin_f866fcd07ccb432eace8a2f1fc2a0af0/SUPERCOMPRESSIBLE_LIN_BUCKLE,,,,,,,,,,D000,supercompressible-material,2026-08-04T14:03:21+00:00,13968.821,,,,,,,,,,,,,,,,,,,,
520,0.9120639272119548,0,/oscar/scratch/eaguerov/supercompressible_oracle/lin_42d756e50cab4e869c2be5600ee0e618/SUPERCOMPRESSIBLE_LIN_BUCKLE,,,,,,,,,,D000,supercompressible-material,2026-08-04T14:03:36+00:00,19462.219,,,,,,,,,,,,,,,,,,,,
521,0.0190434194574222,0,/oscar/scratch/eaguerov/supercompressible_oracle/lin_0f6e219cb84a44bb9bd4ea0d7f87573f/SUPERCOMPRESSIBLE_LIN_BUCKLE,,,,,,,,,,D000,supercompressible-material,2026-08-04T14:03:47+00:00,17789.789,,,,,,,,,,,,,,,,,,,,
522,2.024535758765224,0,/oscar/scratch/eaguerov/supercompressible_oracle/lin_8c664662f4a146e3af29b2c32eed6c2e/SUPERCOMPRESSIBLE_LIN_BUCKLE,,,,,,,,,,D000,supercompressible-material,2026-08-04T14:04:01+00:00,20172.303,,,,,,,,,,,,,,,,,,,,
523,36.82293646010406,0,/oscar/scratch/eaguerov/supercompressible_oracle/lin_06f0bbbdc50e431fab0de0c302bbb66d/SUPERCOMPRESSIBLE_LIN_BUCKLE,,,,,,,,,,D000,supercompressible-material,2026-08-04T14:04:02+00:00,20844.438,,,,,,,,,,,,,,,,,,,,
524,1.9165650453716825,0,/oscar/scratch/eaguerov/supercompressible_oracle/lin_9833e7a7f5b54f86983961bbbcac1172/SUPERCOMPRESSIBLE_LIN_BUCKLE,,,,,,,,,,D000,supercompressible-material,2026-08-04T14:04:07+00:00,20109.982,,,,,,,,,,,,,,,,,,,,
525,0.7651745250676749,0,/oscar/scratch/eaguerov/supercompressible_oracle/lin_be20d5b56c7640639a2e98ad9125d673/SUPERCOMPRESSIBLE_LIN_BUCKLE,,,,,,,,,,D000,supercompressible-material,2026-08-04T14:04:16+00:00,18082.92,,,,,,,,,,,,,,,,,,,,
526,0.0008217021167221,0,/oscar/scratch/eaguerov/supercompressible_oracle/lin_b1f8b12798ef4a1f92d29db9789a0692/SUPERCOMPRESSIBLE_LIN_BUCKLE,,,,,,,,,,D000,supercompressible-material,2026-08-04T14:04:24+00:00,14026.089,,,,,,,,,,,,,,,,,,,,
527,0.2517746317077468,0,/oscar/scratch/eaguerov/supercompressible_oracle/lin_c4be9e4820ef4768aa11910ad6f546ec/SUPERCOMPRESSIBLE_LIN_BUCKLE,,,,,,,,,,D000,supercompressible-material,2026-08-04T14:04:27+00:00,14539.63,,,,,,,,,,,,,,,,,,,,
528,4.416019154323123,0,/oscar/scratch/eaguerov/supercompressible_oracle/lin_d8b98e8e1f474c7392621be50322649c/SUPERCOMPRESSIBLE_LIN_BUCKLE,,,,,,,,,,D000,supercompressible-material,2026-08-04T14:04:29+00:00,17263.841,,,,,,,,,,,,,,,,,,,,
529,3.6708344901077896,0,/oscar/scratch/eaguerov/supercompressible_oracle/lin_87636fe0cf1a4cf1acb179afb4bcacce/SUPERCOMPRESSIBLE_LIN_BUCKLE,,,,,,,,,,D000,supercompressible-material,2026-08-04T14:04:43+00:00,13985.953,,,,,,,,,,,,,,,,,,,,
530,0.119081850487264,0,/oscar/scratch/eaguerov/supercompressible_oracle/lin_937bd7e0aeb64f4e8d4a5c6976e5ed1c/SUPERCOMPRESSIBLE_LIN_BUCKLE,,,,,,,,,,D000,supercompressible-material,2026-08-04T14:05:07+00:00,14528.954,,,,,,,,,,,,,,,,,,,,
531,14.183039701986557,0,/oscar/scratch/eaguerov/supercompressible_oracle/lin_4e122781d00a427aa890aa958019820f/SUPERCOMPRESSIBLE_LIN_BUCKLE,,,,,,,,,,D000,supercompressible-material,2026-08-04T14:05:08+00:00,18097.511,,,,,,,,,,,,,,,,,,,,
532,14.518326115433482,0,/oscar/scratch/eaguerov/supercompressible_oracle/lin_8123a43ee2dc4e2884d2b7ab4d9d903f/SUPERCOMPRESSIBLE_LIN_BUCKLE,,,,,,,,,,D000,supercompressible-material,2026-08-04T14:05:11+00:00,18509.101,,,,,,,,,,,,,,,,,,,,
533,0.0715348417550372,1,/oscar/scratch/eaguerov/supercompressible_oracle/lin_d5e387d6054440c4a6850ea2686c4d74/SUPERCOMPRESSIBLE_LIN_BUCKLE,False,False,/oscar/scratch/eaguerov/supercompressible_oracle/riks_f554151dce4f4691b0aca334ac455d6e/SUPERCOMPRESSIBLE_RIKS.odb,1.003214899426109,0.0287529248744249,True,True,0.0,1.0,D000,supercompressible-material,2026-08-04T14:06:28+00:00,181434.827,,,,,,,,,,,,,,,,,,,,
534,0.002681977241821,1,/oscar/scratch/eaguerov/supercompressible_oracle/lin_fa1f813f708947b1a8c6dbbaab50a8b0/SUPERCOMPRESSIBLE_LIN_BUCKLE,False,False,/oscar/scratch/eaguerov/supercompressible_oracle/riks_85298ddbb1674008bd861a09522351d9/SUPERCOMPRESSIBLE_RIKS.odb,0.0602683782809246,0.0018862605793401,False,False,0.0,0.0,D000,supercompressible-material,2026-08-04T14:08:16+00:00,266033.528,,,,,,,,,,,,,,,,,,,,
535,0.0197831716329133,1,/oscar/scratch/eaguerov/supercompressible_oracle/lin_11d20cff5b3544c5ab21efb375ee7bd7/SUPERCOMPRESSIBLE_LIN_BUCKLE,False,False,/oscar/scratch/eaguerov/supercompressible_oracle/riks_cbfe3ab94a924bcd8389d55989b7f56e/SUPERCOMPRESSIBLE_RIKS.odb,0.6507294395968748,0.0108383661136031,False,False,0.0,0.0,D000,supercompressible-material,2026-08-04T14:09:53+00:00,322320.967,,,,,,,,,,,,,,,,,,,,
536,3.4450891188262456,1,/oscar/scratch/eaguerov/supercompressible_oracle/lin_fad70ed98aa64fa18bede4a046be3e1a/SUPERCOMPRESSIBLE_LIN_BUCKLE,False,False,/oscar/scratch/eaguerov/supercompressible_oracle/riks_4037f102488c4411b9da89c0050b2248/SUPERCOMPRESSIBLE_RIKS.odb,0.7353443559817441,0.0661368668079376,False,False,0.0,1.0,D000,supercompressible-material,2026-08-04T14:10:56+00:00,401141.805,,,,,,,,,,,,,,,,,,,,
537,0.13286679062493,1,/oscar/scratch/eaguerov/supercompressible_oracle/lin_f5cefe079bee4ff3a78ca7a7172b9464/SUPERCOMPRESSIBLE_LIN_BUCKLE,False,False,/oscar/scratch/eaguerov/supercompressible_oracle/riks_bddf196a172840bebe19a1903f1114b3/SUPERCOMPRESSIBLE_RIKS.odb,0.9330258335365248,0.02013729140162468,False,False,0.0,1.0,D000,supercompressible-material,2026-08-04T14:16:19+00:00,700101.152,,,,,,,,,,,,,,,,,,,,
